device_id,alquilado,alquiler_a,n_de_control,numero_serie
28561,False,,,MG 4202
21581,True,MEDICINA CATAN S.A.,MG 5260,MG 5260
25496,True,MEDICINA CATAN S.A.,MG 2688,MG 2688
28152,False,,,MG 2686
28164,False,,,MG 3011
27504,False,,,MG 2914
28622,False,,MG 2910,G3GL70097
25483,False,,,MG 3089
25157,False,,,MG 3086
28621,False,,MG 3168,MG 3168
28262,False,,,MG 3221
25715,False,,,MG 3217
28603,False,,MG 3216,MG 3216
28255,False,,,G3GM90018
27114,False,,,MG 2912
27130,False,,,MG 3012
27117,False,,,MG 3220
26995,False,,,MG 3222
28603,True,MEDICINA CATAN S.A.,MG 3216,MG 3216
27470,True,MERNO S A,MG 7206,MG 7206
25718,False,,,MG 6633
26874,False,,,MG 7311
26189,False,,,MG 0268
25364,False,,,MG 4161
23928,True,1170 COCUZZA S.R.L.,MG 7107,E2117A01046
18989,True,1170 COCUZZA S.R.L.,MG 3861,MG 3861
24661,True,1170 COCUZZA S.R.L.,MG 4693,MG 4693
27765,True,1170 COCUZZA S.R.L.,MG 4694,MG 4694
27755,True,1170 COCUZZA S.R.L.,MG 4308,MG 4308
27759,True,1170 COCUZZA S.R.L.,MG 4643,MG 4643
27760,True,1170 COCUZZA S.R.L.,MG 4647,MG 4647
25833,True,1170 COCUZZA S.R.L.,MG 4356,MG 4356
26825,False,,,MG 5442
27770,True,1170 COCUZZA S.R.L.,MG 5458,MG 5458
27773,True,1170 COCUZZA S.R.L.,MG 6164,MG 6164
27776,True,1170 COCUZZA S.R.L.,MG 6270,MG 6270
28638,False,,MG 6269,E2120301121
27777,True,1170 COCUZZA S.R.L.,MG 6284,MG 6284
27771,True,1170 COCUZZA S.R.L.,MG 5554,MG 5554
27778,True,1170 COCUZZA S.R.L.,MG 6395,MG 6395
23742,True,1170 COCUZZA S.R.L.,MG 7094,E2121907534
25016,False,,,E2122603400
25852,True,1170 COCUZZA S.R.L.,MG 5392,MG 5392
25837,True,1170 COCUZZA S.R.L.,MG 7071,MG 7071
25384,True,1170 COCUZZA S.R.L.,MG 6939,MG 6939
26700,True,1170 COCUZZA S.R.L.,MG 4245,C3122604245
24537,True,1170 COCUZZA S.R.L.,MG 7139,CSX1965K095
24540,True,1170 COCUZZA S.R.L.,MG 7187,CSX1965K190
26116,True,LANCET CORP. ARGENTINA S.R.L.,MG 6661,MG 6661
23100,True,1170 COCUZZA S.R.L.,MG 6644,MG 6644
23101,True,1170 COCUZZA S.R.L.,MG 6640,MG 6640
23102,True,1170 COCUZZA S.R.L.,MG 6637,MG 6637
24336,False,,,MG 2065
23196,False,,,MG 1959
25975,False,,,MG 1895
27678,False,,,MG 2384
23877,True,1170 COCUZZA S.R.L.,MG 2410,MG 2410
23092,False,,,MG 2341
25764,False,,,MG 2673
27124,False,,,MG 4548
26465,True,1170 COCUZZA S.R.L.,MG 6831,MG 6831
28437,False,,,MG 7323
27124,True,1170 COCUZZA S.R.L.,MG 4548,MG 4548
24099,True,1170 COCUZZA S.R.L.,MG 4049,MG 4049
25872,False,,,MG 6749
26055,False,,,MG 7093
27982,False,,,MG 6695
27149,True,CLINICA BASILEA SA,MG 7290,MG 7290
25673,True,1170 COCUZZA S.R.L.,MG 7238,B3C23204101
23389,False,,,MG 1703
23858,False,,,MG 3642
25307,False,,,MG 4045
27800,True,1170 COCUZZA S.R.L.,MG 4487,MG 4487
27809,True,1170 COCUZZA S.R.L.,MG 5995,MG 5995
25619,True,1170 COCUZZA S.R.L.,MG 7215,MG 7215
25315,False,,,MG 5370
24972,True,1170 COCUZZA S.R.L.,MG 7191,ES422A58496
25565,True,1170 COCUZZA S.R.L.,MG 7216,ES422B01008
23525,False,,,MG 2886
25982,False,,,MG 3326
23573,True,1170 COCUZZA S.R.L.,MG 6638,MG 6638
27835,True,1170 COCUZZA S.R.L.,MG 3773,MG 3773
23554,True,1170 COCUZZA S.R.L.,MG 6632,MG 6632
27830,True,1170 COCUZZA S.R.L.,MG 3720,MG 3720
27832,True,1170 COCUZZA S.R.L.,MG 3723,MG 3723
23437,True,1170 COCUZZA S.R.L.,MG 6642,MG 6642
23574,True,1170 COCUZZA S.R.L.,MG 6639,MG 6639
24518,False,,,MG 6645
28617,True,ARIEL YACOBONE,MG 6646,21686646
23578,True,1170 COCUZZA S.R.L.,MG 6635,MG 6635
23462,False,,,MG 1887
22629,True,1170 COCUZZA S.R.L.,MG 1918,MG 1918
22822,True,1170 COCUZZA S.R.L.,MG 6660,MG 6660
24239,False,,,MG 3569
24332,True,1170 COCUZZA S.R.L.,MG 6630,MG 6630
26297,True,1170 COCUZZA S.R.L.,MG 7155,MG 7155
26306,True,1170 COCUZZA S.R.L.,MG 7168,MG 7168
25196,True,1170 COCUZZA S.R.L.,MG 0312,MG 0312
25086,False,,,MG 6337
24373,False,,,MG 4047
25407,False,,,MG 4391
27295,False,,,MG 4431
27845,False,,,MG 4609
25411,True,1170 COCUZZA S.R.L.,MG 4423,MG 4423
24100,True,1170 COCUZZA S.R.L.,MG 4050,MG 4050
27573,True,1170 COCUZZA S.R.L.,MG 4329,MG 4329
25394,True,1170 COCUZZA S.R.L.,MG 4176,MG 4176
25393,True,1170 COCUZZA S.R.L.,MG 4113,MG 4113
25397,True,1170 COCUZZA S.R.L.,MG 4187,MG 4187
24411,True,1170 COCUZZA S.R.L.,MG 6696,MG 6696
26500,True,1170 COCUZZA S.R.L.,MG 5641,MG 5641
22674,True,1170 COCUZZA S.R.L.,MG 7379,H2120105183
25418,True,1170 COCUZZA S.R.L.,MG 5801,MG 5801
28105,True,1170 COCUZZA S.R.L.,MG 5547,MG 5547
23947,True,1170 COCUZZA S.R.L.,MG 6029,MG 6029
27852,True,1170 COCUZZA S.R.L.,MG 6171,MG 6171
25426,True,1170 COCUZZA S.R.L.,MG 5957,MG 5957
25431,True,1170 COCUZZA S.R.L.,MG 6748,MG 6748
27850,True,1170 COCUZZA S.R.L.,MG 6101,MG 6101
24217,True,1170 COCUZZA S.R.L.,MG 6153,MG 6153
25428,True,1170 COCUZZA S.R.L.,MG 6049,MG 6049
27588,False,,,MG 5875
26826,False,,,MG 5893
25422,True,1170 COCUZZA S.R.L.,MG 5913,MG 5913
27593,True,1170 COCUZZA S.R.L.,MG 6836,MG 6836
25752,True,1170 COCUZZA S.R.L.,MG 7170,MG 7170
23526,False,,,MG 5543
23579,True,1170 COCUZZA S.R.L.,MG 6879,AJD16681028
22495,True,1170 COCUZZA S.R.L.,MG 3788,MG 3788
22686,True,1170 COCUZZA S.R.L.,MG 3751,MG 3751
26119,True,1170 COCUZZA S.R.L.,MG 4971,MG 4971
22713,False,,,MG 5071
26268,False,,,CJD16521354
24821,True,1170 COCUZZA S.R.L.,MG 7183,A6-00210
20007,True,1170 COCUZZA S.R.L.,MG 1075,MG 1075
24820,True,1170 COCUZZA S.R.L.,MG 7184,C9-00914
24866,True,1170 COCUZZA S.R.L.,MG 7189,D5*1617
23603,False,,,MG 3458
25133,False,,,MG 7070
27128,False,,,MG 6572
25311,False,,,MG 6565
25843,True,1170 COCUZZA S.R.L.,MG 6427,MG 6427
27703,False,,,MG 6571
28110,True,1170 COCUZZA S.R.L.,MG 6435,MG 6435
25846,True,1170 COCUZZA S.R.L.,MG 6524,MG 6524
27710,True,1170 COCUZZA S.R.L.,MG 6541,MG 6541
27715,True,1170 COCUZZA S.R.L.,MG 6446,MG 6446
24670,True,1170 COCUZZA S.R.L.,MG 4558,MG 4558
25527,False,,,MG 5012
26281,False,,,MG 4560
27618,False,,,MG 4928
27514,False,,,MG 5023
27497,False,,,MG 4779
27744,False,,,MG 5013
26582,False,,,MG 7016
22661,False,,,MG 4557
27677,False,,,MG 5008
24620,False,,,MG 4436
26316,False,,,MG 4926
24284,False,,,MG 4927
28434,False,,,MG 4745
27351,True,1170 COCUZZA S.R.L.,MG 4792,MG 4792
25679,True,1170 COCUZZA S.R.L.,MG 4895,MG 4895
25372,False,,,MG 4531
27452,False,,,MG 4572
27699,False,,,MG 4551
27984,False,,,MG 6781
27713,True,1170 COCUZZA S.R.L.,MG 6770,MG 6770
27548,False,,,MG 7017
26081,False,,,MG 7108
26452,False,,,MG 5489
24291,False,,,MG 1472
23608,False,,,MG 1775
28146,False,,,MG 2379
23954,True,1170 COCUZZA S.R.L.,MG 2807,MG 2807
24391,False,,,MG 3368
26344,True,1170 COCUZZA S.R.L.,MG 2061,0012061
27154,False,,,MG 6071
18449,False,,,MG 1801
28648,True,DIAGNOSTIC MEDIC S.A.,MG 2742,06-0049-14-A
27020,True,DIAGNOSTIC MEDIC S.A.,MG 1970,MG 1970
28187,True,DIAGNOSTIC MEDIC S.A.,MG 2412,MG 2412
27969,True,DIAGNOSTIC MEDIC S.A.,MG 2340,MG 2340
23706,False,,,MG 2679
28646,True,DIAGNOSTIC MEDIC S.A.,MG 2755,P1166029200F3
24080,False,,,MG 2751
24002,True,DIAGNOSTIC MEDIC S.A.,MG 5258,MG 5258
23705,False,,,MG 3232
23873,True,DIAGNOSTIC MEDIC S.A.,MG 3806,MG 3806
21104,False,,,MG 0744
23691,True,DIAGNOSTIC MEDIC S.A.,MG 0692,MG 0692
23197,False,,,MG 1850
16487,False,,,MG 0871
15690,True,DIAGNOSTIC MEDIC S.A.,MG 1698,MG 1698
28647,True,DIAGNOSTIC MEDIC S.A.,MG 2014,P07327845
25982,True,1170 COCUZZA S.R.L.,MG 3326,MG 3326
17179,False,,,MG 3335
28466,True,DIAGNOSTIC MEDIC S.A.,MG 2104,MG 2104
23293,True,DIAGNOSTIC MEDIC S.A.,MG 1488,MG 1488
24078,False,,,MG 1514
23466,True,DIAGNOSTIC MEDIC S.A.,MG 3867,MG 3867
26658,False,,,MG 6441
26576,False,,,MG 5000
27209,False,,,MG 4737
27681,False,,,MG 5507
27312,False,,,MG 1733
27968,True,DIAGNOSTIC MEDIC S.A.,MG 1724,MG 1724
26828,True,DIAGNOSTIC MEDIC S.A.,MG 1793,MG 1793
26368,True,SIMPLE SALUD SA,MG 1812,MG 1812
27018,True,DIAGNOSTIC MEDIC S.A.,MG 2160,MG 2160
17491,False,,,MG 2226
15509,True,DRE LUIS EROS,MG 0622,MG 0622
19591,True,DRE LUIS EROS,MG 3807,MG 3807
23055,False,,,MG 0155
28432,False,,,MG 4914
28418,False,,,MG 4538
27604,True,ANDREOLI EDUARDO GABRIEL,MG 5115,MG 5115
27622,False,,,MG 5108
26703,False,,,MG 5137
27622,True,ANDREOLI EDUARDO GABRIEL,MG 5108,MG 5108
24637,True,ANDREOLI EDUARDO GABRIEL,MG 5127,MG 5127
26703,True,ANDREOLI EDUARDO GABRIEL,MG 5137,MG 5137
27681,True,DIAGNOSTIC MEDIC S.A.,MG 5507,MG 5507
28391,False,,,MG 5052
24623,False,,,MG 3863
28655,False,,MG 7274,A2-0075
26269,False,,,MG 0008
25725,False,,,MG 1569
25606,False,,,MG 1591
27044,False,,,MG 7080
22046,True,MD FLY S.A.,MG 3305,MG 3305
28464,False,,,MG 6338
28169,True,LANCET CORP. ARGENTINA S.R.L.,MG 7306,MG 7306
19481,False,,,MG 3880
28168,False,,,MG 1231
27024,False,,,MG 3399
28020,True,LANCET CORP. ARGENTINA S.R.L.,MG 6811,MG 6811
28019,True,LANCET CORP. ARGENTINA S.R.L.,MG 7140,MG 7140
28340,False,,,MG 4976
24535,True,LANCET CORP. ARGENTINA S.R.L.,MG 7141,CSX1882K137
26116,True,1170 COCUZZA S.R.L.,MG 6661,MG 6661
23103,True,LANCET CORP. ARGENTINA S.R.L.,MG 6643,MG 6643
28423,True,LANCET CORP. ARGENTINA S.R.L.,MG 3836,MG 3836
27291,False,,,MG 1956
28424,False,,,MG 2383
28426,False,,,MG 2650
28335,True,LANCET CORP. ARGENTINA S.R.L.,MG 3824,MG 3824
28336,True,LANCET CORP. ARGENTINA S.R.L.,MG 0445,MG 0445
28337,False,,,MG 3811
20706,False,,,MG 0832
16311,True,LANCET CORP. ARGENTINA S.R.L.,MG 0400,MG 0400
28342,False,,,MG 1050
22426,False,,,MG 4896
28341,True,LANCET CORP. ARGENTINA S.R.L.,MG 0399,MG 0399
28425,False,,,MG 3661
21556,True,LANCET CORP. ARGENTINA S.R.L.,MG 4980,MG 4980
28422,False,,,MG 5302
28170,True,LANCET CORP. ARGENTINA S.R.L.,MG 4948,MG 4948
21802,True,LANCET CORP. ARGENTINA S.R.L.,MG 4385,MG 4385
20404,True,LANCET CORP. ARGENTINA S.R.L.,MG 4046,MG 4046
28339,False,,,MG 6336
28046,True,LANCET CORP. ARGENTINA S.R.L.,MG 4966,MG 4966
28338,False,,,MG 3704
28343,True,LANCET CORP. ARGENTINA S.R.L.,MG 1737,MG 1737
28031,True,LANCET CORP. ARGENTINA S.R.L.,MG 0857,MG 0857
28021,True,LANCET CORP. ARGENTINA S.R.L.,MG 0817,MG 0817
16510,True,LANCET CORP. ARGENTINA S.R.L.,MG 0816,MG 0816
20528,False,,,MG 1082
24101,True,LANCET CORP. ARGENTINA S.R.L.,MG 1494,MG 1494
21072,False,,,MG 1345
26337,True,LANCET CORP. ARGENTINA S.R.L.,MG 0726,C4258
28022,True,LANCET CORP. ARGENTINA S.R.L.,MG 0906,MG 0906
28023,False,,,MG 3119
27107,False,,,MG 3131
28421,False,,,MG 2887
26747,False,,,MG 6567
28128,False,,,MG 7157
21976,False,,,MG 2029
22313,False,,,MG 3269
28025,False,,,MG 3315
28016,True,LANCET CORP. ARGENTINA S.R.L.,MG 6812,MG 6812
28015,True,LANCET CORP. ARGENTINA S.R.L.,MG 7174,MG 7174
20712,True,LANCET CORP. ARGENTINA S.R.L.,MG 3735,MG 3735
22385,True,LANCET CORP. ARGENTINA S.R.L.,MG 5244,MG 5244
20384,False,,,MG 4051
24524,True,LANCET CORP. ARGENTINA S.R.L.,MG 3874,MG 3874
22489,False,,,MG 3877
26026,True,LANCET CORP. ARGENTINA S.R.L.,MG 7218,MG 7218
20438,False,,,MG 0578
17225,True,LANCET CORP. ARGENTINA S.R.L.,MG 3624,MG 3624
23130,False,,,MG 0347
22988,True,LANCET CORP. ARGENTINA S.R.L.,MG 5018,MG 5018
23629,True,LANCET CORP. ARGENTINA S.R.L.,MG 6557,MG 6557
21298,False,,,MG 4545
22876,False,,,MG 4582
22929,True,LANCET CORP. ARGENTINA S.R.L.,MG 4573,MG 4573
22884,True,LANCET CORP. ARGENTINA S.R.L.,MG 4710,MG 4710
23618,True,LANCET CORP. ARGENTINA S.R.L.,MG 4983,MG 4983
28173,False,,,MG 4777
20322,True,LANCET CORP. ARGENTINA S.R.L.,MG 4446,MG 4446
22305,False,,,MG 4804
22601,False,,,MG 4198
24261,False,,,MG 4721
22306,False,,,MG 4390
24088,True,LANCET CORP. ARGENTINA S.R.L.,MG 6708,MG 6708
28186,False,,,MG 6788
28680,False,,MG 7096,MZJ10S572906
27545,False,,,MG 7132
22669,False,,,MG 5343
21191,False,,,MG 1955
20614,True,LANCET CORP. ARGENTINA S.R.L.,MG 2983,MG 2983
27916,False,,,MG 0033
27627,False,,,MG 2833
26567,False,,,MG 2854
27066,False,,,MG 3496
28467,False,,,MG 2485
28057,False,,,MG 2312
27880,False,,,MG 2504
28154,False,,,MG 7090
27310,False,,,MG 4754
27455,True,SUCESION DE SLOBINSKY EMILIO ENRIQUE,MG 1917,MZJ5S121917
26533,True,SLOBINSKY PABLO EMILIO,MG 5113,MG 5113
26382,False,,,MG 5155
27912,False,,,MG 5133
26162,True,SLOBINSKY PABLO EMILIO,MG 5128,MG 5128
26164,True,SLOBINSKY PABLO EMILIO,MG 5508,MG 5508
25936,True,SLOBINSKY PABLO EMILIO,MG 7005,MG 7005
26878,False,,,MG 2005
26733,False,,,MG 2302
26874,True,1170 COCUZZA S.R.L.,MG 7311,MG 7311
27301,False,,,MG 7316
26393,True,ARIEL YACOBONE,MG 0096,MA23080040096
26560,False,,,MG 0355
26559,False,,,MG 2094
28014,False,,,MG 0318
26749,False,,,MG 1295
27450,True,MEDICUS SA.. DE ASISTENCIA MED. Y CIENT.,MG 7303,MG 7303
26460,True,ARIEL YACOBONE,MG 4869,MG 4869
28014,True,NOVAMED S.A.,MG 0318,MG 0318
28168,True,LANCET CORP. ARGENTINA S.R.L.,MG 1231,MG 1231
27987,False,,,MG 7285
26322,True,ARIEL YACOBONE,MG 7309,MG 7309
27986,False,,,MG 6806
28119,False,,,MG 3137
27107,True,LANCET CORP. ARGENTINA S.R.L.,MG 3131,MG 3131
27454,False,,,MG 2889
26680,True,ARIEL YACOBONE,MG 0031,G70031
26747,True,LANCET CORP. ARGENTINA S.R.L.,MG 6567,MG 6567
27495,False,,,MG 7162
27085,False,,,MG 7163
27070,False,,,MG 7167
26724,True,ARIEL YACOBONE,MG 7299,MG 7299
28617,True,1170 COCUZZA S.R.L.,MG 6646,21686646
23871,True,ARIEL YACOBONE,MG 4333,MG 4333
27997,False,,,MG 5881
26476,True,ARIEL YACOBONE,MG 1516,MG 1516
27167,False,,,MG 7182
26867,False,,,MG 0580
25879,True,NOVAMED S.A.,MG 7241,MG 7241
26254,True,NOVAMED S.A.,MG 0072,MZJP00072
27128,True,1170 COCUZZA S.R.L.,MG 6572,MG 6572
27367,True,NOVAMED S.A.,MG 6561,MG 6561
27353,False,,,MG 6411
27705,True,NOVAMED S.A.,MG 6420,MG 6420
27520,False,,,MG 5010
27707,False,,,MG 4993
27619,False,,,MG 5011
27701,True,NOVAMED S.A.,MG 4595,MG 4595
27617,False,,,MG 4546
27616,False,,,MG 4931
27700,True,NOVAMED S.A.,MG 4552,MG 4552
27711,False,,,MG 4929
27321,False,,,MG 4734
27718,False,,,MG 4894
27326,False,,,MG 4801
27712,False,,,MG 6778
28636,False,,MG 7103,MZJ10S72892
28680,True,LANCET CORP. ARGENTINA S.R.L.,MG 7096,MZJ10S572906
23255,False,,,MG 1757
22325,False,,,MG 3397
17349,True,SANATORIO OTAMENDI Y MIROLI S.A.,MG 1020,MG 1020
25562,False,,,MG 3605
26398,False,,,MG 3796
25563,False,,,MG 5954
21583,False,,,MG 3875
25561,False,,,MG 2482
25773,True,OXY NET S.A.,MG 7178,MG 7178
28176,True,RESPIRAR S.A.,MG 7362,MG 7362
27301,True,NOVAMED S.A.,MG 7316,MG 7316
25541,False,,,A7-0423
26189,True,1170 COCUZZA S.R.L.,MG 0268,MG 0268
28439,True,RESPIRAR S.A.,MG 3320,MG 3320
20328,False,,,MG 2187
26405,True,RESPIRAR S.A.,MG 3810,MG 3810
26295,True,RESPIRAR S.A.,MG 7153,MG 7153
26724,True,NOVAMED S.A.,MG 7299,MG 7299
28635,False,,MG 3474,G07838665
26261,False,,,MG 4963
26736,True,RSC S.A.,MG 7286,MG 7286
27481,True,RSC S.A.,MG 7289,MG 7289
27987,True,NOVAMED S.A.,MG 7285,MG 7285
25718,True,CENTRO MEDICO AMENABAR SRL,MG 6633,MG 6633
27016,False,,,MG 4463
27152,False,,,MG 4365
27482,True,RSC S.A.,MG 7288,MG 7288
26737,True,RSC S.A.,MG 7287,MG 7287
28125,False,,,MG 7273
25493,False,,,MG 3378
22388,False,,,G3GA020917
27263,False,,,G3GBY000005
22722,False,,,G3GBY000032
27114,True,CENTRO MEDICO AMENABAR SRL,MG 2912,MG 2912
27975,False,,,MG 3379
25806,False,,,MG 3514
25233,True,SICOMED S.A.,MG 7134,MG 7134
27113,False,,,13074403
28062,False,,,MG 6522
28212,False,,,MG 5016
27708,False,,,MG 4795
27744,True,1170 COCUZZA S.R.L.,MG 5013,MG 5013
28432,True,ANDREOLI EDUARDO GABRIEL,MG 4914,MG 4914
26244,False,,,MG 3526
27044,True,MD FLY S.A.,MG 7080,MG 7080
18729,True,VIDAMED S.R.L.,MG 0172,MG 0172
16290,True,VIDAMED S.R.L.,MG 2249,MG 2249
27453,False,,,MG 0637
27454,True,NOVAMED S.A.,MG 2889,MG 2889
26293,True,XIPAP S.A.,MG 7150,MG 7150
27412,False,,,MG 7156
26304,True,XIPAP S.A.,MG 7166,MG 7166
28049,False,,,MG 6697
28025,True,LANCET CORP. ARGENTINA S.R.L.,MG 3315,MG 3315
26463,True,AVIL SALUD S.R.L,MG 6725,MG 6725
27366,True,AVIL SALUD S.R.L,MG 7242,MG 7242
26074,False,,,MG 6814
26859,False,,,MG 3662
24824,False,,,MG 4916
27815,True,AVIL SALUD S.R.L,MG 6892,MG 6892
25396,True,AVIL SALUD S.R.L,MG 4185,MG 4185
27590,True,AVIL SALUD S.R.L,MG 5901,MG 5901
26860,False,,,MG 7149
25382,True,PERELETEGUI ADRIAN MATIAS,MG 4232,MG 4232
28638,True,1170 COCUZZA S.R.L.,MG 6269,E2120301121
26051,True,PERELETEGUI ADRIAN MATIAS,MG 7201,ES122607201
26066,False,,,MG 6947
26943,True,PERELETEGUI ADRIAN MATIAS,MG 6960,MG 6960
26931,False,,,MG 7283
27802,True,PERELETEGUI ADRIAN MATIAS,MG 4506,MG 4506
27804,True,PERELETEGUI ADRIAN MATIAS,MG 5850,MG 5850
27813,True,PERELETEGUI ADRIAN MATIAS,MG 6074,MG 6074
27807,True,PERELETEGUI ADRIAN MATIAS,MG 5982,MG 5982
28639,False,,MG 6060,E2320101179
28640,False,,MG 5998,E2320101257
25863,True,PERELETEGUI ADRIAN MATIAS,MG 7212,MG 7212
27816,True,PERELETEGUI ADRIAN MATIAS,MG 6976,MG 6976
27819,True,PERELETEGUI ADRIAN MATIAS,MG 6991,MG 6991
27818,True,PERELETEGUI ADRIAN MATIAS,MG 6990,MG 6990
27820,True,PERELETEGUI ADRIAN MATIAS,MG 6993,MG 6993
27843,True,LA VIE INSUMOS Y SERVICIOS S.R.L.,MG 4417,MG 4417
26490,True,PERELETEGUI ADRIAN MATIAS,MG 4610,MG 4610
26493,True,PERELETEGUI ADRIAN MATIAS,MG 4677,MG 4677
27016,True,RSC S.A.,MG 4463,MG 4463
27574,True,PERELETEGUI ADRIAN MATIAS,MG 4353,MG 4353
25172,True,PERELETEGUI ADRIAN MATIAS,MG 5636,MG 5636
27017,False,,,MG 5865
27997,True,NOVAMED S.A.,MG 5881,MG 5881
27849,True,PERELETEGUI ADRIAN MATIAS,MG 5905,MG 5905
27592,True,PERELETEGUI ADRIAN MATIAS,MG 5899,MG 5899
27594,True,PERELETEGUI ADRIAN MATIAS,MG 6830,MG 6830
26512,True,PERELETEGUI ADRIAN MATIAS,MG 6752,MG 6752
28352,True,PERELETEGUI ADRIAN MATIAS,MG 7179,MG 7179
23853,True,GRIFFO DAMIAN EZEQUIEL,MG 1420,MG 1420
24446,False,,,MG 3234
24531,True,GRIFFO DAMIAN EZEQUIEL,MG 7137,CSX1881K184
24533,True,GRIFFO DAMIAN EZEQUIEL,MG 7136,CSX1882K090
25135,False,,,MG 6562
26757,False,,,MG 6863
25489,False,,,MG 3170
26995,True,CENTRO MEDICO AMENABAR SRL,MG 3222,MG 3222
26887,False,,,MG 6704
26029,True,GRIFFO DAMIAN EZEQUIEL,MG 7210,MG 7210
26142,True,GRIFFO DAMIAN EZEQUIEL,MG 1513,MG 1513
27916,True,SUCESION DE SLOBINSKY EMILIO ENRIQUE,MG 0033,MG 0033
25576,True,GRIFFO DAMIAN EZEQUIEL,MG 4777,T0614777
26567,True,SUCESION DE SLOBINSKY EMILIO ENRIQUE,MG 2854,MG 2854
26654,False,,,MG 2780
26201,False,,,MG 2486
26281,True,1170 COCUZZA S.R.L.,MG 4560,MG 4560
26546,False,,,MG 4593
25978,True,EMAR SALUD S.R.L.,MG 4781,MG 4781
26058,False,,,MG 4701
27548,True,1170 COCUZZA S.R.L.,MG 7017,MG 7017
27729,False,,,MG 7097
28432,True,SIM ELECTRO MEDICINA,MG 4914,MG 4914
28214,False,,,MG 4201
20363,True,TU TIENDA DIGITAL S.A.S.,MG 2733,MG 2733
26721,True,JORGE AGUSTIN,MG 7322,MG 7322
28437,True,1170 COCUZZA S.R.L.,MG 7323,MG 7323
26719,False,,,MG 7160
26838,False,,,MG 4685
26722,False,,,MG 6075
27619,True,NOVAMED S.A.,MG 5011,MG 5011
17492,True,KERK PABLO ANDRES,MG 1996,MG 1996
16901,True,KERK PABLO ANDRES,MG 3613,MG 3613
27504,True,MEDICINA CATAN S.A.,MG 2914,MG 2914
25301,False,,,MG 3013
24969,False,,,MG 2852
28563,False,,,MG 2875
27683,True,SIED SERVICIO INTEGRAL DOMICILIARIO SRL,MG 7369,MG 7369
26671,False,,,MG 2694
26280,False,,,MG 3473
28009,True,SIED SERVICIO INTEGRAL DOMICILIARIO SRL,MG 7382,MG 7382
26231,False,,,MG 1257
16295,True,SIED SERVICIO INTEGRAL DOMICILIARIO SRL,MG 1659,MG 1659
28108,True,SIED SERVICIO INTEGRAL DOMICILIARIO SRL,MG 3696,MG 3696
27694,False,,,MG 3866
26145,True,SIED SERVICIO INTEGRAL DOMICILIARIO SRL,MG 4040,MG 4040
26143,True,SIED SERVICIO INTEGRAL DOMICILIARIO SRL,MG 4041,MG 4041
16362,False,,,MG 2493
16506,True,SIED SERVICIO INTEGRAL DOMICILIARIO SRL,MG 3590,MG 3590
18731,True,SIED SERVICIO INTEGRAL DOMICILIARIO SRL,MG 1013,MG 1013
24409,False,,,MG 0860
16845,True,SIED SERVICIO INTEGRAL DOMICILIARIO SRL,MG 3521,MG 3521
19680,True,SIED SERVICIO INTEGRAL DOMICILIARIO SRL,MG 1508,MG 1508
26244,True,SOENSA S.A.,MG 3526,MG 3526
23784,False,,,MG 1883
19563,False,,,MG 2840
26407,False,,,MG 3465
26567,True,GRIFFO DAMIAN EZEQUIEL,MG 2854,MG 2854
27066,True,SUCESION DE SLOBINSKY EMILIO ENRIQUE,MG 3496,MG 3496
28054,False,,,MG 1464
26913,False,,,MG 3528
26654,True,GRIFFO DAMIAN EZEQUIEL,MG 2780,MG 2780
28467,True,SUCESION DE SLOBINSKY EMILIO ENRIQUE,MG 2485,MG 2485
28057,True,SUCESION DE SLOBINSKY EMILIO ENRIQUE,MG 2312,MG 2312
22020,False,,,MG 0562
27880,True,SUCESION DE SLOBINSKY EMILIO ENRIQUE,MG 2504,MG 2504
24724,False,,,MG 2506
23055,True,DRE LUIS EROS,MG 0155,MG 0155
25871,False,,,MG 3488
28053,False,,,MG 3522
26201,True,GRIFFO DAMIAN EZEQUIEL,MG 2486,MG 2486
15668,True,SIED SERVICIO INTEGRAL DOMICILIARIO SRL,MG 2452,MG 2452
24582,False,,,MG 2799
25002,False,,,MG 2275
16419,True,SIED SERVICIO INTEGRAL DOMICILIARIO SRL,MG 1467,MG 1467
27597,True,SIED SERVICIO INTEGRAL DOMICILIARIO SRL,MG 6400,MG 6400
26524,True,SIED SERVICIO INTEGRAL DOMICILIARIO SRL,MG 6403,MG 6403
26972,False,,,MG 6413
28109,True,SIED SERVICIO INTEGRAL DOMICILIARIO SRL,MG 6414,MG 6414
28062,True,SIM ELECTRO MEDICINA,MG 6522,MG 6522
27613,True,SIED SERVICIO INTEGRAL DOMICILIARIO SRL,MG 6534,MG 6534
24522,False,,,MG 6559
27599,True,SIED SERVICIO INTEGRAL DOMICILIARIO SRL,MG 6513,MG 6513
28626,False,,MG 6432,MZJ5S121358
26658,True,DIAGNOSTIC MEDIC S.A.,MG 6441,MG 6441
26569,False,,,MG 6500
27333,False,,,MG 6445
26576,True,DIAGNOSTIC MEDIC S.A.,MG 5000,MG 5000
22228,True,SIED SERVICIO INTEGRAL DOMICILIARIO SRL,MG 4549,MG 4549
27488,True,SIED SERVICIO INTEGRAL DOMICILIARIO SRL,MG 4908,MG 4908
22098,True,SIED SERVICIO INTEGRAL DOMICILIARIO SRL,MG 4762,MG 4762
20466,True,SIED SERVICIO INTEGRAL DOMICILIARIO SRL,MG 4897,MG 4897
27497,True,1170 COCUZZA S.R.L.,MG 4779,MG 4779
26782,False,,,MG 4438
27497,True,SIED SERVICIO INTEGRAL DOMICILIARIO SRL,MG 4779,MG 4779
28664,True,SIED SERVICIO INTEGRAL DOMICILIARIO SRL,MG 4906,MZJ5S121748
23617,False,,,MG 4576
25783,False,,,MG 4920
27320,True,SIED SERVICIO INTEGRAL DOMICILIARIO SRL,MG 4596,MG 4596
28112,True,SIED SERVICIO INTEGRAL DOMICILIARIO SRL,MG 5028,MG 5028
27709,False,,,MG 4725
25680,False,,,MG 5029
22269,False,,,MG 4542
25775,False,,,MG 4775
22434,True,SIED SERVICIO INTEGRAL DOMICILIARIO SRL,MG 4057,MG 4057
28196,False,,,MG 4439
24281,False,,,MG 4060
26967,False,,,MG 4498
26357,False,,,MG 4591
22432,True,SIED SERVICIO INTEGRAL DOMICILIARIO SRL,MG 4541,MG 4541
25582,False,,,MG 4736
28214,True,GRUPO SYEMED S.R.L.,MG 4201,MG 4201
25239,False,,,MG 5024
22453,True,SIED SERVICIO INTEGRAL DOMICILIARIO SRL,MG 4197,MG 4197
27698,False,,,MG 4709
25240,False,,,MG 4700
27603,False,,,MG 4166
23096,False,,,MG 4164
26713,True,SIED SERVICIO INTEGRAL DOMICILIARIO SRL,MG 4535,MG 4535
26655,False,,,MG 4566
27200,False,,,MG 4544
24542,False,,,MG 6777
27714,True,SIED SERVICIO INTEGRAL DOMICILIARIO SRL,MG 6776,MG 6776
24393,True,SIED SERVICIO INTEGRAL DOMICILIARIO SRL,MG 6787,MG 6787
28186,True,LANCET CORP. ARGENTINA S.R.L.,MG 6788,MG 6788
28636,True,NOVAMED S.A.,MG 7103,MZJ10S72892
26975,True,SIED SERVICIO INTEGRAL DOMICILIARIO SRL,MG 5048,MG 5048
25216,False,,,MG 5532
27033,False,,,MG 5491
26535,True,SIED SERVICIO INTEGRAL DOMICILIARIO SRL,MG 5352,MG 5352
22992,True,SIED SERVICIO INTEGRAL DOMICILIARIO SRL,MG 5053,MG 5053
27681,True,ANDREOLI EDUARDO GABRIEL,MG 5507,MG 5507
26912,False,,,MG 1485
28625,False,,MG 1678,N5140966
22066,True,SIED SERVICIO INTEGRAL DOMICILIARIO SRL,MG 2161,MG 2161
21157,True,SIED SERVICIO INTEGRAL DOMICILIARIO SRL,MG 2422,MG 2422
19907,True,SIED SERVICIO INTEGRAL DOMICILIARIO SRL,MG 2223,MG 2223
27720,False,,,MG 2245
19128,False,,,MG 2279
28567,False,,,MG 2231
22039,True,SIED SERVICIO INTEGRAL DOMICILIARIO SRL,MG 2400,MG 2400
20108,False,,,MG 2808
23024,True,SIED SERVICIO INTEGRAL DOMICILIARIO SRL,MG 2736,MG 2736
20551,True,SIED SERVICIO INTEGRAL DOMICILIARIO SRL,MG 2729,MG 2729
27903,False,,,922975
28503,True,SIED SERVICIO INTEGRAL DOMICILIARIO SRL,MG 7744,N5147744
21572,True,SIED SERVICIO INTEGRAL DOMICILIARIO SRL,MG 2925,MG 2925
28348,True,GRUPO SIIB TECNOLOGIA MEDICA S.R.L.,MG 5350,MG 5350
28368,True,GRUPO SIIB TECNOLOGIA MEDICA S.R.L.,MG 5479,MG 5479
28369,True,GRUPO SIIB TECNOLOGIA MEDICA S.R.L.,MG 5486,MG 5486
28164,True,MEDICINA CATAN S.A.,MG 3011,MG 3011
27116,True,SANATORIO PRIVADO MARIANO ACOSTA S A,MG 3171,MG 3171
25487,False,,,MG 3169
28262,True,MEDICINA CATAN S.A.,MG 3221,MG 3221
27117,True,CENTRO MEDICO AMENABAR SRL,MG 3220,MG 3220
27086,False,,,MG 3218
25303,False,,,MG 3215
27975,True,SICOMED S.A.,MG 3379,MG 3379
27492,False,,,MG 3482
28432,True,GRUPO SYEMED S.R.L.,MG 4914,MG 4914
28214,True,SIED SERVICIO INTEGRAL DOMICILIARIO SRL,MG 4201,MG 4201
20363,True,GRUPO SYEMED S.R.L.,MG 2733,MG 2733
23436,False,,,MG 4326
23787,False,,,MG 5306
23075,False,,,MG 2072
23435,True,WIOR MARCELA VERONICA,MG 6808,MG 6808
23228,True,WIOR MARCELA VERONICA,MG 4563,MG 4563
23795,True,WIOR MARCELA VERONICA,MG 5245,MG 5245
21407,True,WIOR MARCELA VERONICA,MG 5297,mg 5297
15819,True,WIOR MARCELA VERONICA,MG 2273,MG 2273
27154,True,C Y G MEDICINAL SRL,MG 6071,MG 6071
27892,False,,,MG 7266
26931,True,PERELETEGUI ADRIAN MATIAS,MG 7283,MG 7283
26931,True,ALCLA S.A.C.I.F.I.A.,MG 7283,MG 7283
28149,False,,,MG 7358
26307,True,ALCLA S.A.C.I.F.I.A.,MG 7328,MG 7328
28142,True,ALCLA S.A.C.I.F.I.A.,MG 7360,MG 7360
28141,True,ALCLA S.A.C.I.F.I.A.,MG 7359,MG 7359
28125,True,SICOMED S.A.,MG 7273,MG 7273
26748,False,,,180540321081A1V
26062,True,ALCLA S.A.C.I.F.I.A.,,180940301083A1V
26061,False,,,200743941083A1V
27913,False,,,201040031083A1V
26697,False,,,MG 4419
25447,False,,,MG 6346
26671,True,SIED SERVICIO INTEGRAL DOMICILIARIO SRL,MG 2694,MG 2694
23667,False,,,MG 2696
25717,False,,,MG 2911
25301,True,VITAL LIFE SOCIEDAD ANONIMA,MG 3013,MG 3013
25300,True,ALCLA S.A.C.I.F.I.A.,MG 3008,MG 3008
27086,True,SANATORIO PRIVADO MARIANO ACOSTA S A,MG 3218,MG 3218
26607,True,ALCLA S.A.C.I.F.I.A.,MG 7200,MG 7200
27470,True,CENTRO MEDICO AMENABAR SRL,MG 7206,MG 7206
27047,False,,,MG 7201
26270,True,ALCLA S.A.C.I.F.I.A.,MG 3360,MG 3360
20175,False,,,MG 3353
27516,False,,,MG 3354
28160,False,,,MG 3366
17656,True,ALCLA S.A.C.I.F.I.A.,MG 3610,MG 3610
26887,True,GRIFFO DAMIAN EZEQUIEL,MG 6704,MG 6704
25117,True,ALCLA S.A.C.I.F.I.A.,MG 7015,MG 7015
26612,False,,,MG 7175
24755,False,,,MG 7126
25296,True,ALCLA S.A.C.I.F.I.A.,MG 6803,MG 6803
25122,True,ALCLA S.A.C.I.F.I.A.,MG 6801,MG 6801
25292,True,ALCLA S.A.C.I.F.I.A.,MG 6702,MG 6702
25293,True,ALCLA S.A.C.I.F.I.A.,MG 6703,MG 6703
26934,False,,,MG 4076
27154,True,GUARDIS YAMILA MARIBEL,MG 6071,MG 6071
25806,True,SICOMED S.A.,MG 3514,MG 3514
26404,True,ALCLA S.A.C.I.F.I.A.,MG 6779,MG 6779
26129,True,ALCLA S.A.C.I.F.I.A.,MG 6780,MG 6780
26169,True,ALCLA S.A.C.I.F.I.A.,MG 6864,MG 6864
26184,True,ALCLA S.A.C.I.F.I.A.,MG 6865,MG 6865
26265,True,ALCLA S.A.C.I.F.I.A.,MG 6866,MG 6866
26720,True,ALCLA S.A.C.I.F.I.A.,MG 6878,MG 6878
26063,True,ALCLA S.A.C.I.F.I.A.,MG 7105,MG 7105
24390,False,,,MG 3797
26757,True,GRIFFO DAMIAN EZEQUIEL,MG 6863,MG 6863
26874,True,NOVAMED S.A.,MG 7311,MG 7311
27301,True,RESPIRAR S.A.,MG 7316,MG 7316
26393,True,NOVAMED S.A.,MG 0096,MA23080040096
26460,True,NOVAMED S.A.,MG 4869,MG 4869
26322,True,NOVAMED S.A.,MG 7309,MG 7309
28119,True,NOVAMED S.A.,MG 3137,MG 3137
27107,True,NOVAMED S.A.,MG 3131,MG 3131
26680,True,NOVAMED S.A.,MG 0031,G70031
26747,True,NOVAMED S.A.,MG 6567,MG 6567
27495,True,NOVAMED S.A.,MG 7162,MG 7162
27085,True,NOVAMED S.A.,MG 7163,MG 7163
27070,True,NOVAMED S.A.,MG 7167,MG 7167
26724,True,RESPIRAR S.A.,MG 7299,MG 7299
26555,True,SEMED SERVICIOS S.A.,MG 6535,G-02806535
28617,True,NOVAMED S.A.,MG 6646,21686646
23871,True,NOVAMED S.A.,MG 4333,MG 4333
26476,True,NOVAMED S.A.,MG 1516,MG 1516
27167,True,NOVAMED S.A.,MG 7182,MG 7182
27128,True,NOVAMED S.A.,MG 6572,MG 6572
27548,True,EMAR SALUD S.R.L.,MG 7017,MG 7017
28680,True,NOVAMED S.A.,MG 7096,MZJ10S572906
28124,False,,,MG 1006
26411,True,AYRES SALUD S.R.L.,MG 3411,E2122603411
26074,True,AVIL SALUD S.R.L,MG 6814,MG 6814
27364,False,,,MG 4320
27152,True,RSC S.A.,MG 4365,MG 4365
26495,True,DOMICILIO SALUD SRL,MG 5551,MG 5551
26699,True,AYRES SALUD S.R.L.,MG 7342,H2123219134
26231,True,SIED SERVICIO INTEGRAL DOMICILIARIO SRL,MG 1257,MG 1257
27149,True,1170 COCUZZA S.R.L.,MG 7290,MG 7290
27764,True,GUARDIS RUBEN ALBERTO,MG 4689,MG 4689
27756,True,GUARDIS RUBEN ALBERTO,MG 4512,MG 4512
26951,True,GUARDIS RUBEN ALBERTO,MG 6746,MG 6746
26955,True,GUARDIS RUBEN ALBERTO,MG 5877,MG 5877
28007,True,GUARDIS RUBEN ALBERTO,MG 7361,MG 7361
27143,False,,,MG 6555
24502,False,,,MG 6527
23934,True,GUARDIS RUBEN ALBERTO,MG 6536,MG 6536
23231,True,GUARDIS RUBEN ALBERTO,MG 4992,MG 4992
28457,False,,,MG 4714
24050,True,GUARDIS RUBEN ALBERTO,MG 4723,MG 4723
20669,True,GUARDIS RUBEN ALBERTO,MG 4188,MG 4188
25177,True,GUARDIS RUBEN ALBERTO,MG 4940,MG 4940
25017,True,GUARDIS RUBEN ALBERTO,MG 4925,MG 4925
26058,True,EMAR SALUD S.R.L.,MG 4701,MG 4701
28653,False,,MG 4800,MZJ5S121884
22921,False,,,MG 4758
27729,True,EMAR SALUD S.R.L.,MG 7097,MG 7097
25906,False,,,MG 5111
26547,False,,,MG 5478
26703,True,ANDREOLI EDUARDO GABRIEL,MG 5137,MG 5137
26452,True,1170 COCUZZA S.R.L.,MG 5489,MG 5489
26531,True,GUARDIS RUBEN ALBERTO,MG 5045,MG 5045
28345,False,,,MG 5535
28344,False,,,MG 0642
25881,True,GUARDIS RUBEN ALBERTO,MG 7214,MG 7214
27374,False,,,MG 7085
27331,True,ORTOPEDIA INTEGRAR S.R.L.,MG 6399,MG 6399
27334,False,,,MG 6504
26281,True,EMAR SALUD S.R.L.,MG 4560,MG 4560
26282,False,,,MG 4982
27375,False,,,MG 5019
27182,False,,,MG 4918
27619,True,ESCALANTE HUGO OMAR,MG 5011,MG 5011
27617,True,NOVAMED S.A.,MG 4546,MG 4546
23117,False,,,MG 4543
28565,False,,,MG 4987
27310,True,SUCESION DE SLOBINSKY EMILIO ENRIQUE,MG 4754,MG 4754
27709,True,SIED SERVICIO INTEGRAL DOMICILIARIO SRL,MG 4725,MG 4725
26357,True,SIED SERVICIO INTEGRAL DOMICILIARIO SRL,MG 4591,MG 4591
20561,True,ORTOPEDIA INTEGRAR S.R.L.,MG 4192,MG 4192
22454,True,ORTOPEDIA INTEGRAR S.R.L.,MG 4189,MG 4189
27452,True,1170 COCUZZA S.R.L.,MG 4572,MG 4572
24285,False,,,MG 4907
27338,False,,,MG 6797
27414,False,,,MG 5326
24056,True,ORTOPEDIA INTEGRAR S.R.L.,MG 5527,MG 5527
27312,True,DIAGNOSTIC MEDIC S.A.,MG 1733,MG 1733
26878,True,SUCESION DE SLOBINSKY EMILIO ENRIQUE,MG 2005,MG 2005
28567,True,SIED SERVICIO INTEGRAL DOMICILIARIO SRL,MG 2231,MG 2231
19649,True,ORTOPEDIA INTEGRAR S.R.L.,MG 3498,MG 3498
28344,True,GUARDIS RUBEN ALBERTO,MG 0642,MG 0642
28351,False,,,MG 6733
26721,True,ESCALANTE HUGO OMAR,MG 7322,MG 7322
27892,True,ALCLA S.A.C.I.F.I.A.,MG 7266,MG 7266
28437,True,ESCALANTE HUGO OMAR,MG 7323,MG 7323
26055,True,1170 COCUZZA S.R.L.,MG 7093,MG 7093
27982,True,1170 COCUZZA S.R.L.,MG 6695,MG 6695
26697,True,ALCLA S.A.C.I.F.I.A.,MG 4419,MG 4419
23757,True,JORGE AGUSTIN,MG 3441,MG 3441
25399,True,JORGE AGUSTIN,MG 4233,MG 4233
27016,True,PERELETEGUI ADRIAN MATIAS,MG 4463,MG 4463
27152,True,AYRES SALUD S.R.L.,MG 4365,MG 4365
26498,True,JORGE AGUSTIN,MG 5637,MG 5637
26781,False,,,MG 5581
26957,True,JORGE AGUSTIN,MG 6107,MG 6107
27610,True,JORGE AGUSTIN,MG 6722,MG 6722
28154,True,SUCESION DE SLOBINSKY EMILIO ENRIQUE,MG 7090,MG 7090
28565,True,ORTOPEDIA INTEGRAR S.R.L.,MG 4987,MG 4987
26989,False,,,MG 4717
28636,True,SIED SERVICIO INTEGRAL DOMICILIARIO SRL,MG 7103,MZJ10S72892
27414,True,ORTOPEDIA INTEGRAR S.R.L.,MG 5326,MG 5326
27606,True,JORGE AGUSTIN,MG 5145,MG 5145
26188,False,,,MG 5463
25905,False,,,MG 2826
22082,False,,,MG 1191
24838,False,,,MG 5531
22157,False,,,MG 1686
24836,False,,,MG 3803
23560,False,,,MG 3435
24738,False,,,MG 7074
28351,True,JORGE AGUSTIN,MG 6733,MG 6733
23704,False,,,MG 6699
22069,True,LA VIE INSUMOS Y SERVICIOS S.R.L.,MG 4947,MG 4947
26235,True,LA VIE INSUMOS Y SERVICIOS S.R.L.,MG 6928,MG 6928
23488,True,LA VIE INSUMOS Y SERVICIOS S.R.L.,MG 6339,MG 6339
23942,False,,,MG 0387
23943,True,LA VIE INSUMOS Y SERVICIOS S.R.L.,MG 3135,MG 3135
19971,True,LA VIE INSUMOS Y SERVICIOS S.R.L.,MG 3415,MG 3415
24024,True,LA VIE INSUMOS Y SERVICIOS S.R.L.,MG 6925,MG 6925
24012,True,LA VIE INSUMOS Y SERVICIOS S.R.L.,MG 7002,MG 7002
26233,False,,,MG 2255
26233,True,LA VIE INSUMOS Y SERVICIOS S.R.L.,MG 2255,MG 2255
24753,False,,,MG 2773
27843,True,PERELETEGUI ADRIAN MATIAS,MG 4417,MG 4417
23557,False,,,MG 3427
23556,False,,,MG 1325
26147,True,LA VIE INSUMOS Y SERVICIOS S.R.L.,MG 4043,MG 4043
22663,False,,,MG 6405
22667,False,,,MG 6408
23222,True,LA VIE INSUMOS Y SERVICIOS S.R.L.,MG 6521,MG 6521
22683,False,,,MG 6517
28360,True,LA VIE INSUMOS Y SERVICIOS S.R.L.,MG 6433,MG 6433
27618,True,1170 COCUZZA S.R.L.,MG 4928,MG 4928
25841,True,LA VIE INSUMOS Y SERVICIOS S.R.L.,MG 4994,MG 4994
23225,True,LA VIE INSUMOS Y SERVICIOS S.R.L.,MG 4769,MG 4769
23887,False,,,MG 4718
23349,True,LA VIE INSUMOS Y SERVICIOS S.R.L.,MG 5036,MG 5036
23210,True,LA VIE INSUMOS Y SERVICIOS S.R.L.,MG 4586,MG 4586
23220,True,LA VIE INSUMOS Y SERVICIOS S.R.L.,MG 4711,MG 4711
28565,True,JORGE AGUSTIN,MG 4987,MG 4987
23266,True,LA VIE INSUMOS Y SERVICIOS S.R.L.,MG 4921,MG 4921
28434,True,1170 COCUZZA S.R.L.,MG 4745,MG 4745
23219,True,LA VIE INSUMOS Y SERVICIOS S.R.L.,MG 4766,MG 4766
28628,False,,MG 4722,MZJ5S121812
23209,False,,,MG 4540
23888,False,,,MG 4577
24356,False,,,MG 4389
27452,True,ORTOPEDIA INTEGRAR S.R.L.,MG 4572,MG 4572
28367,False,,,MG 4242
23345,True,LA VIE INSUMOS Y SERVICIOS S.R.L.,MG 5346,MG 5346
23338,True,LA VIE INSUMOS Y SERVICIOS S.R.L.,MG 5475,MG 5475
23346,True,LA VIE INSUMOS Y SERVICIOS S.R.L.,MG 5347,MG 5347
24920,True,OXIGENOTERAPIA LOMAS S.R.L.,MG 7275,ES122A01265
25955,False,,,MG 7133
28066,True,OXIGENOTERAPIA LOMAS S.R.L.,MG 3162,MG 3162
26745,False,,,MG 5064
27817,True,OXIGENOTERAPIA LOMAS S.R.L.,MG 6984,MG 6984
28194,True,OXIGENOTERAPIA LOMAS S.R.L.,MG 3986,MG 3986
16055,True,OXIGENOTERAPIA LOMAS S.R.L.,MG 0242,MG 0242
26781,True,JORGE AGUSTIN,MG 5581,MG 5581
26746,False,,,MG 4002
24227,True,OXIGENOTERAPIA LOMAS S.R.L.,MG 6511,MG 6511
27520,True,NOVAMED S.A.,MG 5010,MG 5010
28435,False,,,MG 4765
26582,True,1170 COCUZZA S.R.L.,MG 7016,MG 7016
28196,True,SIED SERVICIO INTEGRAL DOMICILIARIO SRL,MG 4439,MG 4439
24256,False,,,MG 4598
27319,False,,,MG 3561
25756,False,,,MG 3830
25584,False,,,MG 5147
28438,False,,,MG 5522
26672,True,OXIGENOTERAPIA LOMAS S.R.L.,MG 2155,MZJ5S122155
26733,True,SUCESION DE SLOBINSKY EMILIO ENRIQUE,MG 2302,MG 2302
19205,True,OXIGENOTERAPIA LOMAS S.R.L.,MG 2185,MG 2185
18347,False,,,MG 2928
27470,True,ALCLA S.A.C.I.F.I.A.,MG 7206,MG 7206
26269,True,ETICA S.A.,MG 0008,MG 0008
26867,True,NOVAMED S.A.,MG 0580,MG 0580
26790,False,,,ES122607237
27841,True,OXICASTHOMECARE S.R.L.,MG 4407,MG 4407
26569,True,SIED SERVICIO INTEGRAL DOMICILIARIO SRL,MG 6500,MG 6500
27520,True,OXIGENOTERAPIA LOMAS S.R.L.,MG 5010,MG 5010
26521,False,,,MG 4741
26282,True,ORTOPEDIA INTEGRAR S.R.L.,MG 4982,MG 4982
28212,True,SIM ELECTRO MEDICINA,MG 5016,MG 5016
23617,True,SIED SERVICIO INTEGRAL DOMICILIARIO SRL,MG 4576,MG 4576
28199,False,,,MG 4574
26686,False,,,MG 6791
25243,False,,,MG 3562
25441,False,,,MG 3756
25608,True,OXICASTHOMECARE S.R.L.,MG 6869,MG 6869
26238,False,,,MG 5107
26536,False,,,MG 5492
24918,False,,,MG 7004
16273,True,OXICASTHOMECARE S.R.L.,MG 1730,5135166
26082,False,,,MG 1482
22602,False,,,MG 1602
22588,False,,,MG 1944
25434,False,,,MG 1991
27731,False,,,MG 2296
27518,False,,,MG 2230
25853,False,,,MG 2508
25287,False,,,MG 3175
27472,False,,,MG 2847
19517,True,OXICASTHOMECARE S.R.L.,MG 0590,532
20946,False,,,60
22388,True,SICOMED S.A.,MG 0917,G3GA020917
28561,True,BM MEDICAL S.R.L.,MG 4202,MG 4202
26030,True,RESPILIFE S.R.L.,MG 7239,MG 7239
27166,False,,,MG 7237
25203,False,,,MG 1538
25503,False,,,MG 3864
25832,True,RESPILIFE S.R.L.,MG 3865,MG 3865
24814,True,RESPILIFE S.R.L.,MG 7180,D3*1523
26555,True,ARIEL YACOBONE,MG 6535,G-02806535
27375,True,ORTOPEDIA INTEGRAR S.R.L.,MG 5019,MG 5019
27618,True,LA VIE INSUMOS Y SERVICIOS S.R.L.,MG 4928,MG 4928
27619,True,ORTOPEDIA INTEGRAR S.R.L.,MG 5011,MG 5011
27617,True,ORTOPEDIA INTEGRAR S.R.L.,MG 4546,MG 4546
27616,True,NOVAMED S.A.,MG 4931,MG 4931
28418,True,ANDREOLI EDUARDO GABRIEL,MG 4538,MG 4538
27622,True,ANDREOLI EDUARDO GABRIEL,MG 5108,MG 5108
27681,True,SIED SERVICIO INTEGRAL DOMICILIARIO SRL,MG 5507,MG 5507
27623,False,,,MG 7347
23240,True,VITAL FLOW S.A.S,MG 2676,MG 2676
21228,True,VITAL FLOW S.A.S,MG 3187,MG 3187
22811,False,,,MG 3808
26192,False,,,MG 3829
27374,True,ORTOPEDIA INTEGRAR S.R.L.,MG 7085,MG 7085
27375,True,TECNO AGRO VIAL S.A.,MG 5019,MG 5019
27618,True,TECNO AGRO VIAL S.A.,MG 4928,MG 4928
26582,True,OXIGENOTERAPIA LOMAS S.R.L.,MG 7016,MG 7016
27616,True,TECNO AGRO VIAL S.A.,MG 4931,MG 4931
28418,True,TECNO AGRO VIAL S.A.,MG 4538,MG 4538
27745,True,BIOMEDIX SAS,MG 4590,MG 4590
26686,True,OXICASTHOMECARE S.R.L.,MG 6791,MG 6791
26971,True,BIOMEDIX SAS,MG 6768,MG 6768
28680,True,ARIEL YACOBONE,MG 7096,MZJ10S572906
27622,True,TECNO AGRO VIAL S.A.,MG 5108,MG 5108
26912,True,SIED SERVICIO INTEGRAL DOMICILIARIO SRL,MG 1485,MG 1485
16113,True,BIOTRUST SERVICES TECHNOLOGY S.A,MG 2775,MG 2775
16068,True,BIOTRUST SERVICES TECHNOLOGY S.A,MG 3414,MG 3414
15880,False,,,MG 3311
15596,False,,,MG 3316
16067,True,BIOTRUST SERVICES TECHNOLOGY S.A,MG 3422,MG 3422
28636,True,JORGE AGUSTIN,MG 7103,MZJ10S72892
24932,False,,,MG 7131
19183,False,,,MG 2480
24352,True,CASA HOSPITAL SAN JUAN DE DIOS,MG 0010,765-10
20375,False,,,MG 0814
16749,False,,,MG 1945
17830,False,,,MG 2740
28351,True,LA VIE INSUMOS Y SERVICIOS S.R.L.,MG 6733,MG 6733
28453,False,,,MG 4064
19426,True,DOMICILIO SALUD SRL,MG 1282,MG 1282
15674,True,DOMICILIO SALUD SRL,MG 3112,MG 3112
16724,False,,,MG 3116
16296,True,DOMICILIO SALUD SRL,MG 3138,MG 3138
19464,True,DOMICILIO SALUD SRL,MG 6631,MG 6631
15791,True,DOMICILIO SALUD SRL,MG 3095,MG 3095
27541,False,,,MG 7151
21823,False,,,MG 2181
23145,True,DOMICILIO SALUD SRL,MG 1520,MG 1520
17829,True,DOMICILIO SALUD SRL,MG 2771,MG 2771
26495,True,AYRES SALUD S.R.L.,MG 5551,MG 5551
26470,True,DOMICILIO SALUD SRL,MG 3790,MG 3790
24189,False,,,MG 4065
15491,True,DOMICILIO SALUD SRL,MG 2874,MG 2874
27627,True,SUCESION DE SLOBINSKY EMILIO ENRIQUE,MG 2833,MG 2833
22275,False,,,MG 3479
24195,False,,,MG 3659
22022,False,,,MG 2494
26749,True,NOVAMED S.A.,MG 1295,MG 1295
15518,True,ALEXANDER FLEMING S A,MG 2951,MG 2951
16472,True,ALEXANDER FLEMING S A,MG 3546,MG 3546
27141,True,FUNDACION SANIDAD NAVAL ARGENTINA,MG 5941,2115941
28441,True,POMPIDOU BERSEL S.A.,MG 2004,MG 2004
28440,False,,,MG 1967
27289,True,POMPIDOU BERSEL S.A.,MG 2837,MG 2837
24702,False,,,MG 6870
28065,False,,,MG 4370
26838,True,ESCALANTE HUGO OMAR,MG 4685,MG 4685
27743,False,,,MG 6537
28111,True,MARTIN ARRIOLA,MG 6436,MG 6436
28435,True,OXIGENOTERAPIA LOMAS S.R.L.,MG 4765,MG 4765
28434,True,LA VIE INSUMOS Y SERVICIOS S.R.L.,MG 4745,MG 4745
28628,True,LA VIE INSUMOS Y SERVICIOS S.R.L.,MG 4722,MZJ5S121812
28113,True,MARTIN ARRIOLA,MG 5025,MG 5025
28214,True,TU TIENDA DIGITAL S.A.S.,MG 4201,MG 4201
28680,True,BIOMEDIX SAS,MG 7096,MZJ10S572906
27545,True,LANCET CORP. ARGENTINA S.R.L.,MG 7132,MG 7132
28114,False,,,MG 5121
27681,True,TECNO AGRO VIAL S.A.,MG 5507,MG 5507
27066,True,SIED SERVICIO INTEGRAL DOMICILIARIO SRL,MG 3496,MG 3496
26533,True,SUCESION DE SLOBINSKY EMILIO ENRIQUE,MG 5113,MG 5113
26162,True,SUCESION DE SLOBINSKY EMILIO ENRIQUE,MG 5128,MG 5128
26164,True,SUCESION DE SLOBINSKY EMILIO ENRIQUE,MG 5508,MG 5508
25936,True,SUCESION DE SLOBINSKY EMILIO ENRIQUE,MG 7005,MG 7005
27450,True,NOVAMED S.A.,MG 7303,MG 7303
26757,True,ARCOS MARCELO FABIO,MG 6863,MG 6863
26477,True,NATIVA S.R.L.,MG 1562,MG 1562
26478,True,NATIVA S.R.L.,MG 3869,MG 3869
25127,False,,,MG 6499
24971,True,NATIVA S.R.L.,MG 4585,MG 4585
25009,False,,,MG 5460
26560,True,NOVAMED S.A.,MG 0355,MG 0355
26559,True,NOVAMED S.A.,MG 2094,MG 2094
25911,False,,,MG 1292
28014,True,NOVAMED S.A.,MG 0318,MG 0318
26016,True,RESPIFLOW S.A.,MG 7225,MG 7225
24839,False,,,MG 6666
27541,True,DOMICILIO SALUD SRL,MG 7151,MG 7151
27412,True,XIPAP S.A.,MG 7156,MG 7156
28128,True,LANCET CORP. ARGENTINA S.R.L.,MG 7157,MG 7157
26719,True,ESCALANTE HUGO OMAR,MG 7160,MG 7160
27085,True,ARIEL YACOBONE,MG 7163,MG 7163
28049,True,XIPAP S.A.,MG 6697,MG 6697
27694,True,SIED SERVICIO INTEGRAL DOMICILIARIO SRL,MG 3866,MG 3866
28436,False,,,MG 0568
28655,True,ETICA S.A.,MG 7274,A2-0075
27166,True,RESPILIFE S.R.L.,MG 7237,MG 7237
27167,True,ARIEL YACOBONE,MG 7182,MG 7182
28625,True,SIED SERVICIO INTEGRAL DOMICILIARIO SRL,MG 1678,N5140966
26368,True,DIAGNOSTIC MEDIC S.A.,MG 1812,MG 1812
27720,True,SIED SERVICIO INTEGRAL DOMICILIARIO SRL,MG 2245,MG 2245
28567,True,ORTOPEDIA INTEGRAR S.R.L.,MG 2231,MG 2231
27518,True,OXICASTHOMECARE S.R.L.,MG 2230,MG 2230
28146,True,1170 COCUZZA S.R.L.,MG 2379,MG 2379
25953,True,SIMPLE SALUD SA,MG 7213,MG 7213
28344,True,ORTOPEDIA INTEGRAR S.R.L.,MG 0642,MG 0642
28458,True,SIMPLE SALUD SA,MG 0931,N5140931
28277,False,,,N5159263
27472,True,OXICASTHOMECARE S.R.L.,MG 2847,MG 2847
28654,False,,MG 5120,MZJ5S121995
