codigo,nombre,costo_neto,precio_venta,marca_fabricante
1201198,Instalación y config. de central de monitoreo,0.00,,""
1201199,Soporte de Monitor giro 180 grados,0.00,,""
1203007,Rollo tubuladura 22mm x 50 mts,91672275.00,,""
1203008,Rollo tubuladura T-63 x 50 mts,20122650.00,,""
1204001,Jarra para aspirador a batería BEMIS 800 c.c.,4980930.60,,""
1204002,Tapa de jarra p/aspirador a batería BEMIS 800 c.c.,0.00,,""
1204003,Jarra de vidrio para aspirador SILFAB,0.00,,""
1204004,Jarra para aspirador a batería KONSUNG,0.00,,""
1204005,Tapa de jarra vidrio p/aspirador SILFAB,0.00,,""
1205001,Cámara p/calentador BMC GII H-60 Genérico,65475.00,66150.00,""
1205003,Cámara p/calentador BMC GI Genérico,0.00,,""
1205004,Cámara p/calentador BMC G2S Genérico,0.00,,""
1205005,Cámara p/calentador BMC G3 Original,7275.00,25725.00,""
1205006,Cámara humidificadora GALEMED c/flotante,0.00,,""
1205007,Cámara humidificadora c/flotante y guía BESMED,10484278.95,,""
1205008,Accesorio de encastre humidificador CRAMI,6693000.00,,""
1205011,Cámara humidificadora p/CPAP YAMIND DM26,0.00,,""
1205012,Cámara humidificadora p/CPAP YAMIND DM28,0.00,,""
1205013,Cámara p/calentador BMC GII H-60 Original,23280.00,77616.00,""
1205014,Cámara p/calentador BMC G2S Original,30620475.00,,""
1205015,Cámara p/calentador BMC G3 Genérico,0.00,,""
1205017,Cámara para Calentador Humidificador RH-800,0.00,,""
1207001,Adaptador plastico p/camara BMC H-80,3947415.00,,""
1208001,Filtro aspirador generico FA550,2757661.50,,""
1208002,FILTRO EXTERNO LONGFIAN JAY-5Q/KONSUNG,0.00,,""
1208004,Filtro de aire Auto CPAP BMC MINI Genérico,55290.00,67032.00,""
1208005,Filtro original externo p/Stellar 150 ref. 24934,0.00,,""
1208006,Filtro externo para OXYMAG,0.00,,""
1208007,Filtro de aire CPAP/BPAP GII/G2S Genérico,48015.00,58212.00,""
1208008,Filtro de aire interno EVERFLO original 1038831,58927.50,,""
1208009,Filtro p/ aspirador SILFAB FI13,4365.00,5953.50,""
1208010,Filtro de aire CPAP/BPAP GI BMC Genérico,1455.00,5145.00,""
1208011,Filtro de aire CPAP/BPAP G3 Genérico,61110.00,74088.00,""
1208012,Filtro de aire externo AIRSEP NEW LIFE,4365.00,5292.00,""
1208013,Filtro de aire externo longfian JAY-5/JAY-10,2058825.00,,""
1208015,Filtro de aire externo PB560 10028771,0.00,,""
1208016,Filtro de aire interno AIRSEP NEW LIFE,7275.00,8820.00,""
1208017,Filtro de aire interno para JAY-5/5Q/10 Longfian,0.00,,""
1208018,Filtro interno respirador ASTRAL 27939,7275.00,,""
1208036,FILTRO CONCENTRADOR EVERFLOW GENÉRICO,4365.00,,""
1208039,Filtro externo p/CPAP DM26 YAMIND,48015.00,,""
1208040,Filtro externo p/CPAP DM28 YAMIND,55290.00,,""
1208041,Filtro genérico externo p/RESMED Stellar 150,61110.00,,""
1208043,Conjunto de filtro compatible c/conc. G4 SP-704,152775.00,154350.00,""
1208044,Filtro de entrada p/Inogen At Home SP-623,109125.00,110250.00,""
1208045,Filtros de partíc. rígid. Inogen One G3 (par) 301,123675.00,124950.00,""
1208046,Filtro p/conc. portátil LONGFIAN JAY-10D,5820.00,7056.00,""
1208047,Filtro de aire CPAP/BPAP GII/G2S BMC Original,1455.00,5145.00,""
1208048,Filtro de aire CPAP/BPAP G3 BMC Original,7275.00,,""
1208049,Filtro de aire Auto CPAP BMC MINI,1455.00,5145.00,""
1208051,Filtro covidien 351/5878,0.00,,""
1209001,Kit respiratorio BMC POLYWATCH,72750.00,257250.00,""
1209002,KIT FIO2 Covidien,0.00,,""
1209003,Kit de oximetria SPO2 modelo G3,51034125.00,,""
1209004,Kit de oximetria SPO2 modelo GII y G2S,0.00,,""
1209005,Wifi KIT Modelo p/bpap de titulación WL-100,0.00,,""
1209006,"Kit enriquecedor de oxi - conector en ""T"" DCD002",0.00,,""
1210001,Módulo de oximetria p/GII y G2S,0.00,,""
1210002,Módulo de oximetria p/G3,0.00,,""
1211001,Banda torácica BMC,142895550.00,,""
1212001,Sensor de saturación p/poligráfo medium,0.00,,""
1212002,Sensor de saturación p/poligráfo large,0.00,,""
1212003,Sensor de saturación BMC Medical p/G3,3346.50,4057.20,""
1212004,Sensor de sat. c/broche NELLCOR neonatal 315N,0.00,,""
1212005,Sensor de sat. c/broche NELLCOR pediátrico 315P,0.00,,""
1212006,"Sensor de sat. Y"" para NELLCOR SENY""",0.00,,""
1212008,Sensor de sat. reusable adul. NELLCOR DS100A-1,72.75,,""
1212009,Sensor de sat. reusable adulto NELLCOR SPO2NOXAD,0.00,,""
1212010,Sensor de sat. desc. neonatal NELLCOR OXI MAX-N-I,13949837.24,,""
1212011,Sensor de sat. desc. pediatr. NELLCOR OXI MAX-P-I,13949837.24,,""
1212012,Sensor de sat. reus. adulto p/MEDITECH 3m SPO2GMAD,276159.00,,""
1212013,Sensor de sat. c/broche adulto EDAN M3A 3m 197B,0.00,,""
1212014,Sensor de sat. c/broche adulto KONSUNG 256B,0.00,,""
1212015,Sensor de sat. c/broche neonatal KONSUNG 256N,0.00,,""
1212016,Sensor de temperatura para monitor,0.00,,""
1212017,Sensor de sat. c/broche adulto MINDRAY 3m p/EDAN,160108200.00,,""
1212018,Sensor de sat. c/broche adulto p/NONIN 1,0.00,,""
1212019,Sensor de sat. c/broche adulto p/NONIN 3m 325BLD,0.00,,""
1212020,Sensor de sat. c/broche ped. p/NONIN 1,0.00,,""
1212021,Sensor de sat. c/broche  ped. p/NONIN 3m 325BPLD,0.00,,""
1212022,Sensor de sat. c/broche ad. p/MEDITECH 3m 283BLR,68676.00,104076.00,""
1212023,Sensor de monit. de EEG AD. 186-0106,29098836.00,,""
1212024,Sensor de monit. de EEG BIS PED. 186-0200,0.00,,""
1212025,SENSOR O2% ALTO FLUJO,0.00,,""
1212026,SENSOR DISTAL MAGNAMED,0.00,,""
1213001,"Sensor de sat. reus. generico Y"" Nellcor""",0.00,,""
1213002,Whisper BESMED CT-14317 x,0.00,,""
1213004,Tarjeta SD 8GB,0.00,,""
1213005,Fuente de alimentación BMC G2-G2S,19933.50,24166.80,""
1213006,Soporte de Monitor giro 180 grados,0.00,,""
1213007,Mochila de transporte p/respirador covidien,0.00,,""
1213008,Manguito CUFF de presión adulto 1 vía x,0.00,,""
1213009,Manguito CUFF de presión pediátrico 1 vía x,0.00,,""
1213010,Mezclador de Aire Oxigeno 0-3 LPM,0.00,,""
1213016,Fuente de alimentación original BMC G3,43650.00,154350.00,""
1213017,Fuente de alimentación original BMC G2-G2S,130950.00,158760.00,""
1213018,Caudalímetro c/acople rápido,0.00,,""
1213019,Caudalímetro conexión DISS,0.00,,""
1213020,Aerocámara colapsable c/conector de 22mm AEROVENT,0.00,,""
1213021,Aspirador manual HAND 17574,130478580.00,,""
1213022,Boquillas de cartón adulto para espirometría,0.00,,""
1213024,Guía p/capnografía GALEMED 300002,0.00,,""
1213025,Juego 6 peritas precordiales adulto,0.00,,""
1213026,Juego de 4 pinzas electro adulto,0.00,,""
1213027,Reservorio 100 cc 127-100,0.00,,""
1213028,Set KANGAROO GS-324,0.00,,""
1213029,Sistema cerrado de aspiración ad. FRENCH SIS16FR,0.00,,""
1213030,Trampa de agua adulto BESMED 96122,0.00,,""
1213031,Válvula de fonación c/conex. de oxíg. SHILEY SSVO,0.00,,""
1213032,Válvula de fonación SHILEY SSV,26166429.00,,""
1213034,Guantes de latex talle medium EUROMIX x100 u,0.00,,""
1213035,Guantes de latex talle large EUROMIX x100 u,0.00,,""
1213036,Cabezal de temperatura oral y p/axilas FT10,0.00,,""
1213037,Regulador de presión pre-ajustado,0.00,,""
1213039,Rollo de papel para ECG 80x30 RG503/RG506/RG606,4679280.00,,""
1213040,Valvula espiratoria Nv. Graphnet TS,0.00,,""
1213041,Chicote tubuladura 22 mm 2 tramos x 35 cm CH-22,0.00,,""
1213042,Fuente de alimentación AC Inogen One G3 BA-301,183330.00,222264.00,""
1213043,Fuente de aliment. DC Inogen One G3,43650.00,66150.00,""
1213044,Fuente de alimentación de AC Inogen G4 BA-401,582000.00,588000.00,""
1213045,Cable paciente Electrobisturí KAIROS MX-1,0.00,,""
1213046,Cable paciente ECG 10 deriv. FUKUDA Denshi FX-7102,0.00,,""
1213047,Software USB Key Dog KONSUNG,0.00,,""
1213048,Caudalímetro (M2) O2 0-15 DISS,0.00,,""
1213050,Manguera de O2 1.5mts (BL) conexión DISSR/DISSR,0.00,,""
1213051,Manguera de aire 1.5mts (AM) conexión DISSR/DISSR,0.00,,""
1213052,Soporte p/amurar compatible monitor multiparame.,0.00,,""
1213054,Guía MILSET Enteral Pico Cruz - Escalonado,0.00,,""
1213055,Hebilla para polígrafo BMC,0.00,,""
1213056,Nolato Bolsa p/anestesia de 1.0lts,0.00,,""
1213057,Tramo de tubbing T63 PVC x 2mts,0.00,,""
1214001,Porta suero pie 5 ramas 2 ganchos,0.00,,""
1216002,Conector recto roscado c/tubbing CRRT,1294950.00,,""
1216003,Conector c/pico toma de presión 22mm M-H 1002,1287675.00,,""
1216004,Conector 22-22-15 c/toma presión,0.00,,""
1216005,Conector 22H - 6M,0.00,,""
1216006,Conector 22H-15M,0.00,,""
1216007,Conector 22H-22M-10M,0.00,,""
1216008,Conector (humidificador a bigotera) 22H-6M,0.00,,""
1216009,Conector 22M-15M,0.00,,""
1216010,Conector 22M-22M-15H MM,0.00,,""
1216011,Conector espiga,0.00,,""
1216012,Conector en T 22OD/15ID/22OD 30015,0.00,,""
1216013,Conector recto 22M,0.00,,""
1216014,Conector O2 para PB560 2962799,1529292.30,,""
1216015,Conector aerocámara adulto HUDSON DCDMDIA,0.00,,""
1216016,Conector aerocámara pediátrico HUDSON DCDMDIP,0.00,,""
1216017,Conector aerocámara HUDSON pediátrico 1751HU,0.00,,""
1216018,Conector M c/acople rápido para CUFF,0.00,,""
1216019,Con. p/guía de alimentación FID MEDICAL PICOCRUZ,0.00,,""
1216020,Conector pico tomagoma AGO 997,0.00,,""
1216021,Adaptador escalonado enfit ANET,0.00,,""
1216022,Whisper BESMED CT-14317,2020704.00,,""
1216023,Conector pico tomagoma AGO 996,0.00,,""
1218004,Prolongador de oximetría COVIDIEN DOC10,72.75,,""
1218005,Prolongador para oxímetro MASIMO LNC10,0.00,,""
1218006,Prolongador para oxímetro MASIMO LNC14,0.00,,""
1218007,Prolongador SPO2 BCI 3 mts,0.00,,""
1218009,PROLONGADOR DE SENSOR DE FLUJO/PRESIÓN MAGNAMED,0.00,,""
1219001,Bolso original BMC para modelo G1,0.00,,""
1219002,Bolso original BMC para modelo GII,0.00,,""
1219003,Bolso original BMC para modelo G2S,0.00,,""
1219004,Bolso para aspirador MOVI-VAC,19788000.00,,""
1219005,Bolso original BMC para modelo G3,43650.00,154350.00,""
1219006,Bolso original LONGFIAN para modelo JAY-10D,0.00,,""
1219007,Bolso mochila O2,9966750.00,,""
1219008,Cinta sin dinamómetro para mochila O2,0.00,,""
1219009,BOLSO INOGEN ONE,0.00,,""
1220001,Frasco alimentación enteral 650 ml FRASFID650,909564.15,,""
1220002,Frasco humidificador WESMED 500 ml 0480,0.00,,""
1220003,Frasco humidificador BESMED 400 ml 72460,4640169.60,,""
1220004,Frasco humidificador HUDSON 500 ml 3260,4169186.10,,""
1220005,Frasco plástico c/ tapa para aspirador SILFAB,10837422.00,,""
1220006,Frasco humidificador GALEMED 500 cc 3416,0.00,,""
1220007,Frasco de vidrio 2 lts SILFAB,0.00,,""
1221002,Circ. simple rama s/trampa ad. COVIDIEN 5093600,0.00,,""
1221003,Circ. doble rama c/trampa ped. COVIDIEN 5093900,45399724.80,,""
1221005,Circ. simple rama HUDSON neonatal 780-10,0.00,,""
1221006,Circ. doble rama s/trampa neo. HUDSON 780-11,0.00,,""
1221007,Circ. doble rama c/trampa ped. HUDSON 780-22,39371907.15,,""
1221008,Circ. doble rama c/trampa ad. HUDSON 1625,40772810.25,,""
1221009,Circuito respiratorio c/trampa adulto DCD001,0.00,,""
1221010,Circuito respiratorio c/trampa adulto DCD003,0.00,,""
1221011,Circuito respiratorio adulto DCD006,0.00,,""
1221012,Circuito respiratorio c/trampa DCD007,0.00,,""
1221013,Circuito respiratorio adulto c/trampa DCD013,0.00,,""
1221014,Circ. doble rama DCD010 de anestesia adulto 1.5m,4766885.55,,""
1221015,Circuito respiratorio adulto DCD0022,0.00,,""
1221016,Circuito respiratorio adulto DCD0023,0.00,,""
1221017,Circuito respiratorio adulto c/trampa DCD0025,0.00,,""
1221018,Circuito respiratorio pediátrico DCD036,0.00,,""
1221019,Circuito respiratorio adulto DCD0066,0.00,,""
1221020,Circuito respiratorio adulto c/trampa DCD0130,0.00,,""
1221021,Circuito respiratorio adulto c/trampa DCD0150,0.00,,""
1221022,Circuito respiratorio adulto DCD0151,0.00,,""
1221023,Circuito respiratorio adulto DCD0165,0.00,,""
1221024,Circuito neonatal WESTMED,0.00,,""
1221027,Circuito respiratorio adulto DCD130,0.00,,""
1221028,Circ. descartable KING JACKSON REES,0.00,,""
1221029,Circ. descartable DCD015C,4215644.25,,""
1223001,Manguito CUFF de presión adulto 1 vía,39285.00,47628.00,""
1223002,Manguito CUFF de presión pediátrico 1 vía,0.00,,""
1223003,Manguito CUFF de presión neonatal 1 vía,0.00,,""
1223004,Manguito CUFF de presión neonatal 2 vías,0.00,,""
1223005,Manguito CUFF de presión pediátrico 1 vía PROP x,0.00,,""
1223006,Cable de presión invasiva PI-BD,0.00,,""
1223007,Cable de presión invasiva PI-EDWARD,0.00,,""
1223008,Cable paciente ECG 10 deriv. compatible EDAN,0.00,,""
1223009,Cable paciente ECG 5 deriv. compatible MEDITECH,0.00,,""
1223010,Prolongador PNI c/acople rápido MEDITECH,0.00,,""
1223011,Transductor de presión BD MERITRANS 682000,42922500.00,,""
1223012,Cobertor p/sensor temp. WELCHALLYN p/EDAN x25 u,0.00,,""
1223013,Cable paciente ECG 5 deriv. p/mon. MINDRAY UMEC12,0.00,,""
1223014,Prolongador SPO2 p/mon. MINDRAY UMEC12 3mts,0.00,,""
1223015,Manguera prolongador PNI c/acople rápido UMEC12,0.00,,""
1223016,Sensor SPO2 broche adulto MINDRAY UMEC12,0.00,,""
1223017,Sensor SPO2 broche adulto AURORA KONSUNG original,33553027.50,,""
1223018,Sensor SPO2 broche ped. AURORA KONSUNG original,68676.00,228967.20,""
1223019,Sensor SPO2 broche neo. AURORA KONSUNG original,0.00,,""
1223020,Sensor SPO2 broche aduto p/monitor CHOICE,0.00,,""
1223021,Transductor Edwards de Presion Invasiva,38093296.80,,""
1501001,TURBINA G2 nP2-M3+ para CPAP/Auto CPAP BMC,291000.00,441000.00,""
1501002,Turbina G2s C2+ para CPAP/Auto CPAP BMC,72750.00,110250.00,""
1501003,Turbina para CPAP/Auto CPAP BMC G3,291000.00,441000.00,""
1501004,Turbina para BPAP BMC G3 M3+,291000.00,441000.00,""
1501005,Turbina P/PB560 REF. 10028768,494700.00,749700.00,""
1501006,TURBINA NP1-TKD PARA G1,0.00,,""
1502001,PLACA DE CONTROL AUTOCPAP G2 E-20A-H-O,145500.00,220500.00,""
1502002,PLACA DE CONTROL G2S A20,184304.85,279300.00,""
1502003,PLACA DE CONTROL G3 C20 PARA CPAP,121245.15,183750.00,""
1502004,PLACA DE CONTROL G3 A20 PARA BMC,484995.15,735000.00,""
1502005,PLACA PRINCIPAL G3 B30VT PARA BMC,242504.85,367500.00,""
1502006,Placa turbina DRIVER CARD PB560 REF.10108399,121245.15,183750.00,""
1502007,Placa CPU P/PB560 REF. 10108397,310395.15,470400.00,""
1502008,Placa fuente PB560,0.00,0.00,""
1502009,Placa calefactora para humidificador CPAP G2S,116400.00,176400.00,""
1502010,PLACA PRINCIPAL G2 T-25T PARA BMC,0.00,,""
1502014,PLACA FRONTAL OXI. COVIDIEN,0.00,,""
1502015,PLACA CONTROL INOGEN G3 (REPUESTO DE COMPONENTES),0.00,,""
1502016,PLACA INOGEN G4,0.00,,""
1502017,DC POWER BOARD INOGEN G4,0.00,,""
1502018,FRU BUZZER CARD PB500,0.00,,""
1502019,FRU DRIVER CARD BLOWER PB 560,0.00,,""
1502020,FRU PM CARD PB560,0.00,,""
1502021,KEYPAD PB560,0.00,,""
1502022,FRU CPU CARD PB560,0.00,,""
1502023,PLACA CONTROL LONGFIAN JAY5/5Q,0.00,,""
1502024,Placa OXYMAG PCB WITHOUT DISPLAY (FROM SN 5400 TO 18249),0.00,,magnamed
1502025,PLACA CPAP G2 E-20C-H-O usada,0.00,,""
1503001,Tamiz molecular p/recarga de zeolita,145.50,,""
1503002,CANISTER INOGEN G4,0.00,,""
1504001,Canister Everflo,0.00,,""
1504002,Kit de canister zeolita compatible conc. G3 SP-563,385575.00,389550.00,""
1504003,Canister zeolita p/Inogen At Home SP-605,654750.00,661500.00,""
1504004,CANISTER CEOLITA LONGFIAN JAY-5 (EL PAR),130950.00,178605.00,""
1504005,Canister zeolita LONGFIAN JAY-5AW,0.00,,""
1504006,CANISTER CEOLITA LONGFIAN JAY-10,240075.00,327442.50,""
1504007,Canister zeolita LONGFIAN JAY-10D,0.00,,""
1504008,RECAMBIO CEOLITA AIRSEP (PAR),145500.00,198450.00,""
1504010,Canister ceolita EVERFLO + Válvula,0.00,,""
1505001,Ventilador c/cable PB 560,0.00,,""
1505002,BUZZER CARD PB500 SERIES X1,0.00,,""
1505003,COOLER  KONSUNG,0.00,,""
1505004,COOLER LONGFIAN JAY,0.00,,""
1505005,INOGEN G3 FAN 40X20 (COOLER),0.00,,""
1505007,FRU BLOWER PB540,0.00,,""
1507001,Conector O2 hembra PB560,0.00,,""
1507002,Conector en ángulo de 90° (15M a 15F),0.00,,""
1507003,Conector Y ad. 22 mm recto s/termómetro y auclavab,0.00,,""
1507004,Conector doble macho 15M+15M autoclavable y reutil,0.00,,""
1508001,Cable de alimentación 220v tipo 8,0.00,,""
1508002,Cable de alimentación 220v tipo CPU,0.00,,""
1508003,Cargador de 12v p/conc. portátil LONGFIAN JAY-10D,0.00,,""
1508004,Cable de calibración p/Oxymag-Agile,0.00,,""
1508005,Cable para descarga de datos Magnamed,0.00,,""
1508006,DISPLAY BACKLIGHT CABLE,0.00,,""
1509001,Bateria 4400MA BEDSIDE SPO2 original,0.00,,""
1509002,Batería de 8 celdas Inogen One G4 BA-408,2109750.00,2131500.00,""
1509003,Batería p/conc. portátil LONGFIAN JAY-10D,0.00,,""
1509004,Batería p/PB560 Ref. PT00075778,0.00,,""
1509005,Batería p/conc. portátil INOGEN ROVE6,0.00,,""
1509006,Batería externa generica p/terapia de sueño,0.00,,""
1509007,Bateria Prisma Vent 40 Lowestein,0.00,,""
1509008,BATERÍA GEL 6V 7Ah,0.00,,""
1510001,Compresor compatible c/conc. G3 SP-509,2400750.00,2425500.00,""
1510002,Kit de compresor p/Inogen At Home SP-615,43577.25,145287.45,""
1510003,Kit de compresor compatible c/conc. G4 SP-709,2400750.00,2425500.00,""
1510004,CAMISAS 72mm,0.00,,""
1510005,SILENCIADOR LONGFIAN JAY-5/JAY-10,0.00,,""
1510006,SILENCIADOR LONGFIAN JAY-5Q,0.00,,""
1511001,Kit de interfaz de usuario compat. conc. G4 SP-719,0.00,,""
1511002,PANEL INTERFAZ DE USUARIO COMPATIBLE C/CONC G3,0.00,,""
1511003,KIT ROTARY KNOB,0.00,,""
1512001,Kit de panel de acceso compatible conc. G4 SP-715,72750.00,73500.00,""
1513001,Columnas compatible c/conc. G4 SP-714,0.00,,""
1514001,Compresor LONGFIAN JAY-5AW,8730.00,11907.00,""
1514002,Cilindro para compresor LONGFIAN JAY-5,0.00,,""
1514003,Cilindro para compresor LONGFIAN JAY-5AW,0.00,,""
1514004,COMPRESOR COMPLETO LONGFIAN JAY-10,0.00,,""
1514005,SILENCIADOR KONSUNG,0.00,,""
1514006,COMPRESOR AirSep New Life,0.00,,""
1515001,Celda de O2 ANALYTICAL INDUSTRIES PSR 11-75-KE7,0.00,,""
1515002,FIO2 CONCENTRATION MEASUREMENT CELL - INTERNAL,0.00,,""
1516001,Set de base de válvula de exhal. y actuador lineal,0.00,,""
1516002,Set de actuador lineal,0.00,,""
1516003,Dispositivo para medir presión regulada,0.00,,""
1516004,Dispositivo p/atornillar tornillo 12 mm x 3mm,0.00,,""
1516005,Llave cónica p/montaje de comp. específ. Magnamed,0.00,,""
1516006,Dispositivo p/atornillar tornillo 16 mm x 2 mm,0.00,,""
1516007,Globo de prueba adulto 1000 ml - 22mm,0.00,,""
1516008,Globo de prueba pediátrico 500 ml - 22 mm,0.00,,""
1516009,Simulador de pulmón neonatal 40 ml c/conector 15F,0.00,,""
1516010,BRAZO ARTICULADO MAGNAMED,0.00,,""
1516011,"CIRCUITO PACIENTE MAGNAMED 22mm 0,8m",0.00,,""
1516012,"CIRCUITO PACIENTE MAGNAMED 22mm 0,6m",0.00,,""
1516013,DIFRAGMA MAGNAMED,0.00,,""
1516014,FILTRO EXTERNO MAGNAMED,0.00,,""
1516015,TRAMPA DE AGUA MAGNAMED,0.00,,""
1516016,MANGUERA DE O2 MAGNAMED,0.00,,""
1516017,TS PNEUMATIC BLOCK FOR OXYMAG,0.00,,""
1517002,filtro konsung,0.00,,""
1517003,RODAMIENTO BIELA LONGFIAN JAY-5/JAY-10,0.00,,""
1517004,RODAMIENTO BIELA LONGFIAN JAY-5Q,0.00,,""
1518001,LABIOS PARA COMPRESOR LONGFIAN JAY-5/JAY-10,0.00,,""
1518002,LABIOS PARA COMPRESOR LONGFIAN JAY-5Q,0.00,,""
1519001,ELECTROVÁLVULA LONGFIAN JAY-5/JAY-10,0.00,,""
1519002,VÁLVULLA INTEGRADA MAGNAMED,0.00,,""
1519003,PRODUCT MANIFOLD KIT Service Part G4,0.00,,""
1519004,VÁLVULA PILOT EVERFLO,0.00,,""
1519005,FEED WASTE MANIFOLD Service Part G4,0.00,,""
1519006,ELECTROVÁLVULA LONGFIAN JAY-5Q,0.00,,""
1519007,Solenoide AirSep NewLife,0.00,,""
1519008,KIT 30LPM PROPORTIONAL VALVE,0.00,,""
1519009,KIT 200LPM PROPORTIONAL VALVE,0.00,,""
1520001,"Transformador LONGFIAN 220V - 15V 0,2A",0.00,,""
1520002,"CONVERTIDOR 12V-19V (1,3A 25W)",0.00,,""
1521001,CAPACITORES 8uf,0.00,,""
1521002,CAPACITORES 10uf,0.00,,""
1522001,FLOWMETER LONGFIAN JAY-5,0.00,,""
1522002,FLOWMETER LONGFIAN JAY-10,0.00,,""
1522003,FLOWMETER LONGFIAN JAY-5Q,0.00,,""
1522004,CAUDALIMETRO ALTO FLUJO,0.00,,""
1522005,KIT MEDIDOR DE FIo2,0.00,,""
1601002,Instalación y config. de central de monitoreo,0.00,,""
AE-003,Bolso de traslado p/aspirador,23134.50,,""
AR-010,ARANDELA DE FIBRA 3 MM ALA ANCHA,0.00,,""
AR-011,ARANDELA DE FIBRA 6 MM ALA ANCHA,0.00,,""
AR-012,"ARANDELA PLANA 3/32""",0.00,,""
AR-013,ARANDELA PLANA 3 x 10mm,0.00,,""
BA401,Inogen G4 AC Power Supply,0.00,,""
CE-002,CIRC.INTEGRADO LM 358,0.00,,""
CE-003,TRANSISTOR MOSFET 6N60 (IRF830),0.00,,""
CE-005,TRANSISTOR PUT 2N 6028,0.00,,""
CE-015,REGULADOR 7805,0.00,,""
CE-016,CIRCUITO INTEGRADO LM3914N,0.00,,""
CE-017,TIRA DE 10 LED AMARILLO,0.00,,""
CP-005,"CAPACITOR CERAMICO 0,1uF X 50V",0.00,,""
DESPRAX,Desfibrilador Mindray C1A,0.00,,""
DI-009,DIODO 8A 100V,0.00,,""
DIR-02C,Filtro de aire (Pack x 4)PC-305,436500.00,,""
DIR-10,Sensor temperatura de piel reusable PC-307,145500.00,,""
DIR-17,Pasacánulas cristal x 2 PC-305,21825.00,,""
ET-006,ETIQUETA BASE MARBEL 400,0.00,,""
FI-002,FILTRO CONCENTRADOR EVERFLOW ORIGINAL,58927.50,71442.00,""
FL-001,FLAPPER BOMBA DE VACIO MOVI VAC,2910.00,,""
IN-001,Vacuómetro diámetro 52MM Fij. Frontal,39285.00,,""
IN002,Vacuómetro diametro 50mm p/aspirador SILFAB,29100.00,,""
LA-003,LABIO DE BOMBA DE VACIO MOTORCOM,0.00,,""
ME-014,PORTA FUSIBLE 5X20 P/IMPRESO C/TAPA,0.00,,""
ME-019,CONECTOR TIPO JAPONES 2 VIAS HEMBRA A CABLE,0.00,,""
ME-020,COMPRESOR COMPLETO LONGFIAN JAY-5,138225.00,188527.50,""
ME-025,FUSIBLE 6 X 30 MM  8 A,0.00,,""
ME-027,LLAVE REDONDA C/LUZ UNIPOLAR,0.00,,""
ME-028,TOMA DE ALIMENTACION DOBLE,0.00,,""
ME-029,"PRENSACABLE 1/2"" COLOR GRIS",0.00,,""
ME-031,PORTA FUSIBLE 6 X 30  P/PANEL,0.00,,""
ME-035,CABLE PARALELO 2 X 1.5 MM2 POLARIZADO,0.00,,""
ME-041,BATERÍA GEL 6V 4AH,43650.00,,""
ME-042,CABLE 1 X 1 MM NEGRO,0.00,,""
ME-043,CABLE DOBLE8,2910.00,10290.00,""
ME-046,COMPRESOR 12V COMPLETO MOVI VAC,92683.50,,""
ME-047,INTERRUPTOR  UNIPOLAR REDONDO,0.00,,""
ME-053,"FUENTE DE ALIMENTACION 12,5V 3A MOVI-VAC",66930.00,,""
ME-054,Jack DC p/chasis,2182.50,,""
ME-061,"BATERIA GEL 12V 2,9 A",0.00,,""
ME-070,"HEADER 0,156 RECTO 5 VIAS",0.00,,""
ME-071,ZOCALO PARA CIRCUITO INTEGRADO 9 + 9 PATAS,0.00,,""
ME-072,ZOCALO PARA CIRCUITO INTEGRADO 10+10 PATAS,0.00,,""
ME-075,CR1632 POLYWACH,4656.00,9408.00,""
ME-081,"BATERIA 6V 2,9 A/H",46560.00,63504.00,""
ME-086,"BATERIA GEL 6V 1,2 AH",0.00,,""
ME-087,"BATERIA GEL 12V 1,3 AH",0.00,,""
MP-010,CARCAZA SUPERIOR ASPIRADOR,0.00,,""
MP-011,TAPA INFERIOR ASPIRADOR,0.00,,""
MP-013,PLACA DE CONTROL,58200.00,,""
MP-014,CARCAZA INFERIOR BASE MARBEL 320,101850.00,,""
MP-015,GUIA CALIBRACION,2619.00,,""
MP-016,BASE CONCENTRADOR LONGFIAN JAY 5-Q,72750.00,99225.00,""
MP-017,Jarra aspirador plástica,14550.00,,""
MP-027,Carcaza plástica MOVI-VAC fase 2,48015.00,,""
MP-029,PRECINTO PLASTICOS 250 MM,0.00,,""
MP-033,MALLA PLASTICA MOSQUITERO,0.00,,""
MP-035,CARCAZA FRENTE ASPIRADOR,0.00,,""
MP-036,CARCAZA POSTERIOR ASPIRADOR,0.00,,""
MP-042,MANIJA VOLCABLE P/VALVULA SUPERIOR CON ESPINA,9166.50,11113.20,""
MP-043,CARCAZA INFERIOR C-600,0.00,,""
MP-044,CARCAZA LATERAL C-600,0.00,,""
MP-045,SOPORTE JACK PVC IMPRESO A-550/A-220,3637.50,,""
MP-047,SOPORTE PLASTICO EN 3D VALVULA REG. DE VACIO(REPARACION),4365.00,,""
MP-048,CODO DOBLE ESPIGA,0.00,,""
MV-001,TIRA DE VELCRO,0.00,,""
PF-001,PORTA FILTRO CPAP/BPAP GII BMC,552900.00,749700.00,""
PK001,Pack baterías NI-CD 6X1800 mA,0.00,,""
PM-002,SOPORTE RESPIRADOR PLEGADO S/GRAMPA,0.00,,""
PM-003,SOPORTE MARBEL PARA MASTIL,15714.00,,""
PR-003,TRATAMIENTO DE ANODIZADO DISCO CALEFACTOR,0.00,,""
PS-006,PASACABLE PLASTICO,0.00,,""
PS-020,SOPORTE INTERIOR MANIJA,0.00,,""
PS-021,TRABA SOPORTE DE MASTIL,23280.00,47040.00,""
PS-022,GRAMPA FIJACION INOX. 130MM,0.00,,""
PS-023,PICO SALIDA VACIO,0.00,,""
PS-024,O´RING,0.00,,""
PS-025,COMPRESOR COMPLETO LONGFIAN JAY-5Q,116400.00,158760.00,""
PS-026,PATA DE GOMA,0.00,,""
PS-027,BUJE ADAPTADOR SILENCIADOR,0.00,,""
PS-029,VALVULA ARANDELA,0.00,,""
PS-030,PORTA VALVULAS,0.00,,""
PS-031,O´RING,0.00,,""
PS-032,ARO FIJADOR DE CANISTER,0.00,,""
PS-033,CONO SOPORTE DE ARO CANISTER,0.00,,""
PS-034,"CONECTOR  BCE. VACUOMETRO 3/8"" NF",0.00,,""
PS-035,SILENCIADOR ROSCA 1/8,0.00,,""
PS-036,O´RING,0.00,,""
PS-037,GOMA ESPONJA 8 X 20 MM X 70MM,0.00,,""
PS-038,TAPA POSTERIOR PINTADO NEGRO,0.00,,""
PS-039,SOPORTE INTERNO BATERIA/MOTOR,2910.00,,""
PS-040,GOMA ESPONJA 10 X 20 MM,0.00,,""
PS-048,SOPORTE FRASCO COLECTOR DIAMETRO 5 MM,0.00,,""
PS-050,CAMISAS COMPRESOR THOMAS 2619/2669 X 2 UNIDADES,33465.00,111573.00,""
PS-051,CAMISAS COMPRESOR THOMAS 2650 X 2 UNIDADES,36375.00,121275.00,""
PS-052,SOPORTE TOMAGOMA,0.00,,""
PS054,Articulo cabiado de codigo,0.00,,""
PS-062,SOPORTE RUEDAS LONGFIAN JAY-5,0.00,,""
R11391,Turbina (eje 5mm) PC-307,58200.00,,""
R12116,Bisagra portillo PC-307,36375.00,,""
R12146,Traba portillo PC-307,17460.00,,""
R20103,Manga portillo iris PC-305,37102.50,,""
R23465,Burlete portillo puerta lateral PC-307,8730.00,,""
R25266,Pasacánulas angular PC-307,14550.00,,""
R31852/1,Perilla mov. Módulo de comandos PC-307,36375.00,,""
RE-003,RESORTE DIAMETRO 5 MM,0.00,,""
RP101,Filtro de salida (10PKS),0.00,,""
RP102,Llave Inglesa,0.00,,""
RP107,Kit de reemplazo del filtro de salida,0.00,,""
RP301,Filtro partidario rígido G3HF,0.00,,""
RP400,Filtro parcial bruto GS,0.00,,""
RP401,Filtro de entrada GS,0.00,,""
RS-031,POTENCIOMETRO MINIATURA 5K LIN ESTEREO,0.00,,""
RS-032,PRESET CERMET 5K,0.00,,""
RS-033,RESISTENCIA MF 1 % 1/4 W 4K7,0.00,,""
RS-034,RESISTENCIA MF 1 % 1/4 W 680 OHM,0.00,,""
SC-001,SUBCONJUNTO CALEFACTOR,0.00,,""
SC-002,SUBCONJ. CARCAZA SUPERIOR COMPLETA,0.00,,""
SC-003,SUBCONJ. MECANIZADO CARCAZA INFERIOR,0.00,,""
SC-004,SUBCONJ. CARCAZA LATERAL,0.00,,""
SC-005,SUBCONJ. PORTA TERMISTOR,0.00,,""
SC-006,SUBCONJ. MECANIZADO DE CARCAZA SUPERIOR,0.00,,""
SC-007,SUBCONJUNTO PLAQUETA ARMADA,0.00,,""
SC-008,PLACA DE CONTROL MARBEL,32010.00,,""
SC-009,SUBCONJUNTO CALEFACTOR C-600,0.00,,""
SC-010,SOPORTE MASTIL MODELO SM,0.00,,""
SC-011,SUBCONJ. CARCAZA SUPERIOR COMPLETA,0.00,,""
SC-012,SUBCONJ. MECANIZADO CARCAZA INFERIOR,0.00,,""
SC-013,SUBCONJ.CARCAZA TRASERA,0.00,,""
SC-014,SUBCONJ. MECANIZADO DE CARCAZA SUPERIOR,0.00,,""
SC-015,SUBCONJUNTO PLAQUETA ARMADA C-600,0.00,,""
SC-020,SOPORTE TIPO RESPIRADOR MODELO SR,0.00,,""
SC-101,PLACA PRINCIPAL BPAP 25A & 25T,242504.85,367500.00,""
SC-102,CABLE ACCESORIO DE 12V ENCENDEDOR DE AUTOMOTOR,8730.00,,""
SC-103,ADAPTADOR FICHA ENCENDEDOR A BATERIA,0.00,,""
SC-104,PLACA PRINCIPAL BPAP 30T,242504.85,367500.00,""
SC-105,CONJUNTO NEUMATICO MOVI VAC A-550,0.00,,""
SC-106,GABINETE COMPLETO,61110.00,,""
SC-107,TAPA POSTERIOR MOVI VAC A-550,0.00,,""
SC-108,LLAVE ENCENDIDO LONGFIAN JA5-5/JAY-5Q,1455.00,1984.50,""
SC-109,CABLEADO ENTRADA DE ALIMENTACION,0.00,,""
SC-110,CABLEADO BATERIAS,0.00,,""
SC-111,CABLEADO MOTOR,0.00,,""
SC-112,GABINETE MOVI VAC A-220,0.00,,""
SC-113,TAPA POSTERIOR MOVI VAC A-220,0.00,,""
SP503,Control Panel Compatible with G3,0.00,,""
SP507,FILTRO PART.MEDIAS CONC.REPIRONICS MILLENIUM (EXTERNO),2619.00,3175.20,""
SP516,FILTRO CPAP  BPAP BMC,1746.00,2116.80,""
SP550,Carcasa delantera con espuma G3HF,0.00,,""
SP551,Entrada de tubo G3HF,0.00,,""
SP552,Escape de tubo G3HF,0.00,,""
SP553,Fan 40x40 G3HF,0.00,,""
SP554,Cable de entrada de alimentación G3HF,0.00,,""
SP555,Producto principal G3 HF,0.00,,""
SP556,Alimento desperdiciado mainfold G3HF,0.00,,""
SP557,Placa madre Inogen G3 HF,0.00,,""
SP558,Soporte de tubo y ensamblaje de silenciador G3HF,0.00,,""
SP559,HF Chasis G3HF,0.00,,""
SP560,Receptáculo de columna Top G3HF,0.00,,""
SP561,Columna moldeada tuber corta G3HF,0.00,,""
SP562,Tubo de columna moldeada G3HF,0.00,,""
SP564,Acumulador G3HF,0.00,,""
SP565,Alto homonjado bajo. 0.0313 Tornillo G3HF,0.00,,""
SP566,Alto homonjado bajo. 0.500 Tornillo G3HF,0.00,,""
SP567,Tornillo de formación de rosca M3x8 G3HF,0.00,,""
SP571,Receptáculos de columna inferior G3HF,0.00,,""
SP572,Cubierta del panel de acceso G3 G3HF,0.00,,""
SP700,Placa base G4,203000.00,304500.00,""
SP701,Fuente de alimentación de AC Inogen G4,487425.00,492450.00,""
SP702,LCD Kit G4,0.00,,""
SP703,Tablero de batería G4,0.00,,""
SP704,Conjunto de filtro compatible c/conc. G4,72750.00,73500.00,""
SP705,Kit de pestillo de columna G4,0.00,,""
SP706,Kit de Barb Barb G4,0.00,,""
SP707,Alimento desperdiciado mainfold g4,0.00,,""
SP708,Arnés de la batería G4,0.00,,""
SP709,Kit de compresor p/Inogen At Home,2109750.00,2131500.00,""
SP710,Producto principal G4,0.00,,""
SP711,Kit de cántula Barb G4,0.00,,""
SP712,Kit de cucharada de partículas gruesas G4,0.00,,""
SP713,Kit de receptáculo de producto G4,0.00,,""
SP714,Columnas compatible c/conc. G4,385575.00,389550.00,""
SP715,Panel de Acceso G4,0.00,,""
SP716,Fan G4,0.00,,""
SP717,Kit de alojamiento inferior G4,0.00,,""
SP718,Kit de chasis G4,0.00,,""
SP719,Interfaz de usuario G4,0.00,,""
SP720,Filtro de entrada G4,0.00,,""
SP721,Kit de tornillo G4,0.00,,""
SP722,Kit de placa base G4 con Bluetooth,0.00,0.00,""
SP801,Reemplazo del kit de cántula G5,0.00,,""
SP802,FILTRO CPAP SERIE M (KIT 2 FILTROS),14550.00,,""
SP803,Reemplazo del kit de columna G5,0.00,,""
SP804,Kit de ensamblaje de filtro G5,0.00,,""
SP805,Kit de interfaz de usuario compatible c/conc. G4,305550.00,308700.00,""
SP806,Kit de receptáculo G5,0.00,,""
SP807,Producto principal Kit G5,0.00,,""
SP808,Kit de bloque de sensor G5,0.00,,""
SP809,LCD Kit G5,0.00,,""
SP810,Kit de fanáticos G5,0.00,,""
SP811,Kit de alimentación principal G5,0.00,,""
SP812,Kit de ensamblaje de alimentación G5,0.00,,""
SP813,Kit de tubos de columna G5,0.00,,""
SP814,PLACA DE CONTROL B-25S,349200.00,529200.00,""
SP816,"Fuente de alimentación DC Inogen One G3, G4, G5",480150.00,485100.00,""
SP817,FILTRO CPAP SERIE M (KIT 2 FILTROS),14550.00,17640.00,""
SP818,KIT S/CAMISAS COMPRESOR THOMAS 2650 (GRANDES),48015.00,160083.00,""
SP819,Kit de compresor G5,0.00,,""
SP820,Kit de pestillo de columna G5,0.00,,""
SP821,Kit de tablero de batería G5,0.00,,""
SP822,Kit de alojamiento inferior G5,0.00,,""
TN-023,"TUERCA 1/8""",0.00,,""
TN-024,"TORNILLO 1/8"" X 1/4"" CABEZA FIJADORA",0.00,,""
TN-025,TORNILLO 3 x 16 MM CAB. GOTA DE CEBO,0.00,,""
TN-026,TORNILLO PARKER CAB.FIJADORA N4 X 5/16 NEGRO,0.00,,""
TN-027,"REMACHE POP 2,4 X 10MM (8MM)",0.00,,""
TN-028,TORNILLO PARKER N4 X 1/2 CABEZA GOTA DE CEBO,0.00,,""
TN-029,TORNILLO M 3 X 20 MM CABEZA FIJADORA,0.00,,""
TN-030,TORNILLO PARKER CAB.FIJADORA N4 X 1/4 NEGRO,0.00,,""
TR-69,Filtro de aire (Paq x 4) PC-307,240075.00,,""
TW027,"Remache POP 2,4mm x 10mm",0.00,,""
