brand_norm,cluster_id,canonical_model_norm,members,total
,1,,,83
,2,ORION,ORION,7
,3,Y,Y,4
,4,PINZA ADULTO,PINZA ADULTO,4
,5,SERIE M,SERIE M,4
,6,A-550,A-550 | A550,4
,7,BMC,BMC,2
,8,PC-307,PC-307,2
,9,DEVILBISS,DEVILBISS,2
,10,PLV-100,PLV-100,1
,11,NEO,NEO,1
,12,SERIE M LA-101,SERIE M LA-101,1
,13,RESPIRE,RESPIRE,1
,14,KANGAROO,KANGAROO,1
,15,HARMONY,HARMONY,1
,16,DI-2000,DI-2000,1
,17,A-600,A-600,1
,18,PC-305,PC-305,1
,19,PARA BPAP,PARA BPAP,1
,20,SPO2,SPO2,1
,21,AURORA 12,AURORA 12,1
420,1,,,1
420,2,420,420,1
ABBOTT,1,PATROL,PATROL,1
ABBOTT,2,A-550,A-550,1
AGILENT,1,A3,A3,1
AGILENT,2,,,1
AIR SEP,1,,,19
AIRSEP,1,NEW LIFE,NEW LIFE,1207
AIRSEP,2,INTENSITY 10L,INTENSITY 10L,6
AIRSEP,3,INTENSITY,INTENSITY,5
AIRSEP,4,INTENSITY 8L,INTENSITY 8L,4
AIRSEP,5,REMEDY RENEW,REMEDY RENEW,4
AIRSEP,6,5L,5L,4
AIRSEP,7,NEW LIFE ELITE,NEW LIFE ELITE,3
AIRSEP,8,VISIONAIRE,VISIONAIRE,2
AIRSEP,9,S1,S1,2
AIRSEP,10,VISION,VISION,1
AIRSEP,11,REMEDY,REMEDY,1
AIRSEP,12,ELITE II,ELITE II,1
AIRSEP,13,INFINITI,INFINITI,1
AIRSEP,14,NEW LIFE 5L,NEW LIFE 5L,1
AITEC,1,ST-6000,ST-6000,1
AITECS,1,SP-125,SP-125,7
ALISON,1,UTI 3,UTI 3,1
ALLIANCE,1,HEALDINE,HEALDINE,1
ALLIANCE,2,,,1
APEMA,1,PC18EBT,PC18EBT,1
APEMA,2,,,1
APEX,1,VACU PLUS,VACU PLUS,1
APEX,2,VAC PLUS,VAC PLUS,1
ARCOMED,1,5005,5005,10
ARCOMED,2,VOLUMED,VOLUMED,6
ARGUS,1,404,404,7
ARGUS,2,400,400,5
ARGUS,3,707,707,4
ASD,1,ASD,ASD,1
BCI,1,ADULTO,ADULTO,39
BCI,2,Y,Y,3
BCI,3,3303,3303,2
BCI,4,PINZA,PINZA,1
BCI,5,3100,3100,1
BCI,6,NEO,NEO,1
BCI,7,CAPNOCHE CK PLUS,CAPNOCHE CK PLUS,1
BCI,8,3310,3310,1
BCI,9,CAPNOCEHK,CAPNOCEHK,1
BEAS,1,SLEEP 20,SLEEP 20,1
BIOCARE,1,IE-101,IE-101,3
BIOCARE,2,,,1
BIOCARE,3,101,101,1
BIOMAX,1,500 BAE,500 BAE,1
BIOMAX,2,900,900,1
BIOMED,1,MVP-10,MVP-10,4
BIRD,1,15682,15682,1
BISTOS,1,BT300,BT300,1
BMC,1,GII,GII,315
BMC,2,G2,G2,225
BMC,3,G1,G1,207
BMC,4,RESMART,RESMART,82
BMC,5,G2S,G2S,80
BMC,6,25T,25T,51
BMC,7,G3,G3,40
BMC,8,YH-600B PRO,YH-600B PRO,37
BMC,9,G1B,G1B,29
BMC,10,G2 H60,G2 H60,29
BMC,11,GII T-25T,GII T-25T,24
BMC,12,,,23
BMC,13,REMSTAR,REMSTAR,18
BMC,14,GI,GI,18
BMC,15,POLYWATCH,POLYWATCH,17
BMC,16,RESMART GII,RESMART GII,12
BMC,17,MINI M1,MINI M1,12
BMC,18,G1 25T,G1 25T,11
BMC,19,H-80,H-80,10
BMC,20,G3-C20,G3-C20,10
BMC,21,GII Y-25T,GII Y-25T,10
BMC,22,GII T25S,GII T25S,8
BMC,23,25,25,7
BMC,24,G3 B30VT,G3 B30VT,7
BMC,25,G2S B25S,G2S B25S,6
BMC,26,REMSTART,REMSTART,5
BMC,27,G2S B25T,G2S B25T,5
BMC,28,G3 A20,G3 A20,5
BMC,29,G2S A20,G2S A20,4
BMC,30,H60,H60,4
BMC,31,G2 T25T,G2 T25T,4
BMC,32,AUTO,AUTO,3
BMC,33,RESMART G1,RESMART G1,3
BMC,34,H-80M,H-80M,3
BMC,35,GII T25A,GII T25A,3
BMC,36,G1 25,G1 25,3
BMC,37,KIT DE RESPIRACION,KIT DE RESPIRACION,3
BMC,38,H-80A,H-80A,2
BMC,39,GI-25,GI-25,2
BMC,40,G2S C20,G2S C20,2
BMC,41,CPAP/BPAP,CPAP/BPAP,2
BMC,42,T20S,T20S,2
BMC,43,HG2 H60,HG2 H60,2
BMC,44,25ST,25ST,1
BMC,45,CPAP GII,CPAP GII,1
BMC,46,POLYPRO,POLYPRO,1
BMC,47,POLYPRO A,POLYPRO A,1
BMC,48,LUNA G2,LUNA G2,1
BMC,49,KIT RESPIRATORIO POLYWACH,KIT RESPIRATORIO POLYWACH,1
BMC,50,KIT RESPIRATORIO,KIT RESPIRATORIO,1
BMC,51,RESMART G1 25T,RESMART G1 25T,1
BMC,52,RESMART G2,RESMART G2,1
BMC,53,50,50,1
BMC,54,GI 25T,GI 25T,1
BMC,55,GRIS,GRIS,1
BMC,56,GIIS C-20,GIIS C-20,1
BMC,57,MINI,MINI,1
BMC,58,RESMART AUTO,RESMART AUTO,1
BMC,59,BLANCO,BLANCO,1
BMC,60,POLYWATCH YH-6000B PRO,POLYWATCH YH-6000B PRO,1
BMC,61,G2S B25A,G2S B25A,1
BMC,62,G1 25S,G1 25S,1
BMC,63,G2S B20V,G2S B20V,1
BMC,64,T25A,T25A,1
BMC,65,G2 Y25T,G2 Y25T,1
BMC,66,M1,M1,1
BMC,67,HC-3,HC-3,1
BMD,1,FLO-DISC MVP-10,FLO-DISC MVP-10,1
BMG,1,,,2
BMP,1,INVP-10,INVP-10,1
BMXC,1,G1,G1,1
BREAS,1,SLEEP,SLEEP,5
BREAS,2,,,1
BREAS,3,GEISLEEP 20I,GEISLEEP 20I,1
BREAS,4,SLEEP 20 I,SLEEP 20 I,1
BS ELECTRONICS,1,,,1
CAIRE OCS Y COMPANION 5,1,,,1
CAM,1,,,1
CARDIMAX,1,FUKUDA,FUKUDA,2
CARDIOTECNICA,1,OXI-411,OXI-411,1
CARDIOTECNICA,2,RG-401,RG-401,1
CARDIOTECNICA,3,,,1
CARDIOTECNICO,1,,,1
CAS,1,,,2
CAS,2,SYSTEM 9303,SYSTEM 9303,1
CHOICE,1,MMED6000DP,MMED6000DP,3
CHOICE,2,MD 300X,MD 300X,1
CHOICE,3,MD-300,MD-300,1
CLOUD,1,,,2
CODE MASTER,1,,,1
COLIN,1,PRELIGY 2,PRELIGY 2,1
COMP EDAN,1,ADULTO,ADULTO,1
COMP MEDITECH,1,ADULTO,ADULTO,1
COMPANION,1,COMPANION,COMPANION,1
COMPAT,1,,,2
CONTEC,1,ADULTO,ADULTO,5
CONTEC,2,,,5
CONTEC,3,CMS600,CMS600,1
CONTEC,4,CMS56000,CMS56000,1
CONTEC,5,CMS6000,CMS6000,1
CORIONIC,1,MONITOR FETAL,MONITOR FETAL,1
CORIONIC,2,,,1
CORIONIC,3,CM2 2,CM2 2,1
CORIONIK,1,,,3
COVIDIEN,1,PB560,PB560,3
COVIDIEN,2,EPUMP,EPUMP,1
COVIDIEN,3,DS100A,DS100A,1
DATEX,1,SATLITE TRANS,SATLITE TRANS,2
DATEX,2,OHMEDA,OHMEDA,1
DATEX,3,SATLITE,SATLITE,1
DEAN,1,,,1
DEBILBISS,1,,,15
DEVILBIIS,1,,,1
DEVILBIISS,1,,,1
DEVILBIS,1,,,2
DEVILBISS,1,,,29
DEVILBISS,2,SUCCION UNIT,SUCCION UNIT,22
DEVILBISS,3,VACU-AIDE,VACU-AIDE,19
DEVILBISS,4,525,525,17
DEVILBISS,5,515,515,14
DEVILBISS,6,7305,7305,10
DEVILBISS,7,VACUMAX,VACUMAX,8
DEVILBISS,8,HSU,HSU,4
DEVILBISS,9,UNIC SUCCION,UNIC SUCCION,4
DEVILBISS,10,SUNRISE,SUNRISE,3
DEVILBISS,11,9000D,9000D,3
DEVILBISS,12,HEALTCARE,HEALTCARE,2
DEVILBISS,13,UNIT SUCCION,UNIT SUCCION,2
DEVILBISS,14,PI,PI,1
DEVILBISS,15,9055,9055,1
DEVILBISS,16,SUCTION,SUCTION,1
DEVILBISS,17,12 V,12 V,1
DEVILBISS,18,515 IZ,515 IZ,1
DEVILBISS,19,DEVILBISS,DEVILBISS,1
DEVILBISS,20,INTELLIPAP,INTELLIPAP,1
DEVILBISS,21,INTELILLENT PAP,INTELILLENT PAP,1
DEVILBISS,22,7314P-D,7314P-D,1
DEVILVIS,1,,,1
DRAGER,1,DRAGER,DRAGER,1
DRAGUER,1,,,2
DRAGUER,2,OXYTREND,OXYTREND,2
DULOVAK,1,DK-720,DK-720,2
DULOVAK,2,,,1
E Y M,1,C-12B,C-12B,1
E&M,1,C-12B,C-12B,6
EAGLE,1,3000,3000,1
EASOTE,1,P8000,P8000,1
EASY GO,1,VAC,VAC,12
EASY GO,2,PM65HG,PM65HG,10
EASY GO,3,VACUMAX,VACUMAX,5
EASY GO,4,EASYGO VAC,EASYGO VAC,4
EASY GO,5,,,3
EASY GO,6,GO VAC,GO VAC,1
EASY GO,7,VACUOM,VACUOM,1
EASY GO VAC,1,PM65HG,PM65HG,5
EASY GO VAC,2,,,2
EDAM,1,,,1
EDAM,2,SE1,SE1,1
EDAN,1,M3A,M3A,38
EDAN,2,,,22
EDAN,3,M3,M3,7
EDAN,4,SE1,SE1,5
EDAN,5,ADULTO,ADULTO,2
EDAN,6,M8,M8,1
EDAN,7,M300,M300,1
EI,1,K-135,K-135,17
EI,2,K-130,K-130,10
EI,3,K-90,K-90,3
ELECTRO MEDICINA ARGENTINA,1,RESPIRE,RESPIRE,1
ELECTROMEDIC,1,JAZZ,JAZZ,1
ELECTROMEDIK,1,,,1
EM,1,RESPIRE,RESPIRE,1
EMA,1,RESPIRE,RESPIRE,1
EMERSON,1,CA-3000,CA-3000,1
ENERGY POWER,1,BMC,BMC,1
ENERGY SABER,1,,,9
ENERGY SABER,2,P/ASPIRADOR,P/ASPIRADOR,3
ENERGY SABER,3,12 V,12 V,1
ENERGY SABER,4,FSE40H 12,FSE40H 12,1
ENERGY SABER,5,3 3A,3 3A,1
ENERGY SABER,6,12 V 3 3A,12 V 3 3A,1
ENERGY SABER,7,FSE40H,FSE40H,1
ENERGY SAVER,1,3 3A,3 3A,2
ENERGY SAVER,2,MOVIVAC,MOVIVAC,1
ENERGY SAVER,3,,,1
ENMIND,1,EN-V7,EN-V7,1
ESAOTE,1,,,1
EVERFLO,1,,,12
EVERFLO,2,RESPIRONICS,RESPIRONICS,3
EVERFLO,3,5 LTS,5 LTS,1
EVERFLOW,1,,,2
F & P,1,,,1
F&P,1,,,4
FEAS ELECTRONICA,1,3850B BIFASICO,3850B BIFASICO,1
FICHER & PAYKEL,1,,,4
FINGER,1,DS-100,DS-100,1
FIORINO,1,7 ED,7 ED,83
FIORINO,2,,,9
FIORINO,3,CICLADO,CICLADO,3
FIORINO,4,SUCION UNIT,SUCION UNIT,2
FIORINO,5,FIORINO,FIORINO,1
FISHER & PAYKEL,1,HC-150,HC-150,37
FISHER & PAYKEL,2,MR-410,MR-410,20
FISHER & PAYKEL,3,HC-100,HC-100,7
FISHER & PAYKEL,4,150,150,4
FISHER & PAYKEL,5,MR428,MR428,2
FISHER & PAYKEL,6,MR-700,MR-700,2
FISHER & PAYKEL,7,410,410,2
FISHER & PAYKEL,8,,,2
FISHER & PAYKEL,9,HR40,HR40,1
FISHER & PAYKEL,10,420,420,1
FISHER & PAYKEL,11,M150,M150,1
FISHER & PAYKEL,12,428,428,1
FISHER & PAYKEL,13,HC-221,HC-221,1
FISHER Y PAYKEL,1,,,1
FUKUDA,1,CARDIMAX,CARDIMAX,1
FUKUDA,2,,,1
G3G,1,MEDITECH,MEDITECH,1
G3H,1,,,1
GENERAL ELECTRIC,1,ISLEEP,ISLEEP,2
GII,1,Y25T,Y25T,1
GOOD KINGHT,1,420G,420G,1
GOODKNIGHT,1,4206,4206,1
HAND,1,,,1
HARMONY,1,,,3
HARMONY,2,RESPIRONICS,RESPIRONICS,2
HARMONY,3,HARMONY,HARMONY,1
HC-150,1,,,1
HEALTHDYNE,1,QUANTUM,QUANTUM,3
HEWLETT PACKARD,1,CODE MASTER,CODE MASTER,1
HEWLETT PACKARD,2,43100,43100,1
HOFFRCHTER,1,CARAT2,CARAT2,1
HOFFRICHTER,1,CARAT 2,CARAT 2,4
HOFFRICHTER,2,VECTOR 20,VECTOR 20,2
HOFFRICHTER,3,VECTOR,VECTOR,1
HOFFRICHTER,4,POINT,POINT,1
HOFFRICHTER,5,VECTOR ST-20,VECTOR ST-20,1
HOFRICHTER,1,CARAT II,CARAT II,1
HP,1,VIRIDIA,VIRIDIA,5
HP,2,CODE MASTER,CODE MASTER,4
HP,3,,,1
HYPNUS,1,,,4
INNMED,1,IKO 3,IKO 3,1
INNOMED,1,IKO 3,IKO 3,16
INNOMED,2,,,6
INNOMED,3,IKO III,IKO III,1
INNOMED,4,HEART MIRROR 37 IKO,HEART MIRROR 37 IKO,1
INNOMED,5,10 DERIVACIONES,10 DERIVACIONES,1
INOGEN,1,G3,G3,4
INOGEN,2,G4,G4,4
INOGEN,3,AT HOME,AT HOME,3
INOGEN,4,G2,G2,1
INOGEN,5,G5,G5,1
INOGEN AT HOME,1,AT HOME,AT HOME,1
INOGEN G3,1,G3,G3,1
INOGEN ONE,1,G3,G3,94
INOGEN ONE,2,G4,G4,10
INOGEN ONE,3,AT HOME,AT HOME,6
INOGEN ONE,4,6,6,5
INOGEN ONE,5,8 CELDAS,8 CELDAS,1
INOGEN ONE,6,ONE G4,ONE G4,1
INOGEN ONE,7,AT HOME GS-100,AT HOME GS-100,1
INOGEN ONE,8,G5,G5,1
INTERMED,1,S/MODELO,S/MODELO,1
INVACARE,1,INVACARE 5,INVACARE 5,5
INVACARE,2,5,5,4
INVACARE,3,PLATINIUM 5,PLATINIUM 5,2
INVACARE,4,PERFECTO 2,PERFECTO 2,1
INVACARE,5,PLATINIUM 10,PLATINIUM 10,1
INVACARE,6,HOMFICC2,HOMFICC2,1
INVACARE,7,PERFECTO 5,PERFECTO 5,1
INVACARE,8,LT,LT,1
INVACARE,9,S,S,1
ISLEEP,1,10,10,1
JAY,1,5Q,5Q,1
KAIROS,1,MX1,MX1,3
KAIROS,2,,,2
KANGAROO,1,324,324,570
KANGAROO,2,224,224,20
KANGAROO,3,EPUMP,EPUMP,10
KANGAROO,4,924,924,9
KANGAROO,5,S24,S24,1
KANGAROO,6,,,1
KENDALL,1,RESPONSE,RESPONSE,1
KENDALL,2,RESPONS,RESPONS,1
KINGON,1,P2,P2,1
KONSUNG,1,KSOC-5,KSOC-5,91
KONSUNG,2,9EB,9EB,52
KONSUNG,3,,,14
KONSUNG,4,KSOC,KSOC,6
KONSUNG,5,BROCHE ADULTO,BROCHE ADULTO,4
KONSUNG,6,AURORA 8,AURORA 8,3
KONSUNG,7,9A-26B,9A-26B,2
KONSUNG,8,AURORA12,AURORA12,2
KONSUNG,9,MONITOR,MONITOR,1
LAERDAL,1,NN,NN,1
LED,1,,,1
LEEX,1,1M8,1M8,2
LEISTUNG,1,LUFT 2,LUFT 2,11
LESITUNG,1,,,1
LICFAMA,1,AUTOVAC-1,AUTOVAC-1,1
LIFE CARE,1,PLV-100,PLV-100,26
LIFE PORT,1,PIGGYBACK,PIGGYBACK,1
LIFECARE,1,PLV-100,PLV-100,12
LONG FIAN,1,,,11
LONGFIAN,1,JAY-5,JAY-5,1076
LONGFIAN,2,JAY-5Q,JAY-5Q,421
LONGFIAN,3,JAY-10,JAY-10,98
LONGFIAN,4,JAY-10D,JAY-10D,15
LONGFIAN,5,JAY-120,JAY-120,3
LONGFIAN,6,JSB-1200,JSB-1200,1
LOWENSTEIN,1,PRISMA VENT 40,PRISMA VENT 40,3
LOWENSTEIN,2,,,1
MAGNAMED,1,OXYMAG,OXYMAG,6
MAGNAMED,2,FLEXIMAG MAX-300,FLEXIMAG MAX-300,2
MAGNAMED,3,,,2
MAGNAMED,4,FLEXIMAG MAX,FLEXIMAG MAX,1
MAGNAMED,5,FLEXIMAG,FLEXIMAG,1
MARBEL,1,C-500A,C-500A,253
MARBEL,2,C-500,C-500,41
MARBEL,3,,,33
MARBEL,4,A500,A500,4
MARBEL,5,C550,C550,1
MARQUETTE,1,EAGLE 3000,EAGLE 3000,1
MASIMO,1,RADICAL,RADICAL,33
MASIMO,2,RAD 9,RAD 9,9
MASIMO,3,RAD-87,RAD-87,8
MASIMO,4,,,2
MASIMO,5,Y,Y,1
MASSIMO,1,,,9
MAXIMO,1,RADICAL 7,RADICAL 7,1
MAXTEC,1,MAX-02,MAX-02,1
MEDD,1,OXI-3,OXI-3,1
MEDICAL HEALTHY,1,G3G,G3G,1
MEDICAL HEALTHY,2,OXI-3,OXI-3,1
MEDITECH,1,G3G,G3G,222
MEDITECH,2,G3D,G3D,23
MEDITECH,3,,,14
MEDITECH,4,ADULTO,ADULTO,4
MEDITECH,5,G3C,G3C,3
MEDITECH,6,DB9,DB9,2
MEDITECH,7,G3H,G3H,2
MEDITECH,8,GRD,GRD,2
MEDITECH,9,3G3,3G3,1
MEDITECH,10,G36,G36,1
MEDITECH,11,G3L,G3L,1
MEDIX,1,OXI-3,OXI-3,64
MEDIX,2,PC-305,PC-305,35
MEDIX,3,PC-307,PC-307,27
MEDIX,4,MEDILED,MEDILED,11
MEDIX,5,AITECS SP-12S,AITECS SP-12S,9
MEDIX,6,RAZEL,RAZEL,5
MEDIX,7,LED,LED,4
MEDIX,8,,,4
MEDIX,9,AITEC,AITEC,3
MEDIX,10,TUBOS,TUBOS,3
MEDIX,11,AITECS,AITECS,3
MEDIX,12,OXI-3 PLUS,OXI-3 PLUS,3
MEDIX,13,AITEK,AITEK,1
MEDIX,14,TUBO,TUBO,1
MEDIX,15,401,401,1
MEDIX,16,LA-101,LA-101,1
MEDIX,17,307,307,1
MEDIX,18,NATALCARE LX,NATALCARE LX,1
MEDIX,19,NATAL CARE,NATAL CARE,1
MEDIX AITECS,1,PRO125,PRO125,1
MEK,1,MP110,MP110,1
MERCURY,1,,,1
MERCURY,2,5L,5L,1
MG 2751,1,RESPIRONICS,RESPIRONICS,1
MILLENIUM,1,,,1
MINDRAY,1,US-800,US-800,2
MINDRAY,2,C1A,C1A,1
MONITOR,1,ADULTO,ADULTO,7
MOVI-VAC,1,A-550,A-550,1033
MOVI-VAC,2,A-600,A-600,158
MOVI-VAC,3,A-220,A-220,21
MOVI-VAC,4,550,550,19
MOVI-VAC,5,,,14
MOVI-VAC,6,TRONIC,TRONIC,7
MOVI-VAC,7,A-500,A-500,6
MOVI-VAC,8,A-220V,A-220V,3
MOVI-VAC,9,C-500A,C-500A,1
MOVI-VAC,10,MOVI-VAC,MOVI-VAC,1
MOVI-VAC,11,C-550,C-550,1
MOVI-VAC,12,6000,6000,1
MOVI-VAC,13,B4-0705,B4-0705,1
MOVI-VAC,14,A1-0122,A1-0122,1
MOVI-VAC,15,A-360,A-360,1
MRL,1,PIC,PIC,2
MVP-10,1,,,1
NATAL CARE,1,PC-307,PC-307,1
NATALCARE,1,ST-LX PC-307,ST-LX PC-307,2
NELLCOR,1,N-560,N-560,281
NELLCOR,2,N-595,N-595,146
NELLCOR,3,N-395,N-395,83
NELLCOR,4,N-600,N-600,44
NELLCOR,5,BEDSIDE,BEDSIDE,39
NELLCOR,6,Y,Y,37
NELLCOR,7,560,560,36
NELLCOR,8,N-600X,N-600X,32
NELLCOR,9,N-550,N-550,22
NELLCOR,10,,,21
NELLCOR,11,595,595,18
NELLCOR,12,NPB-290,NPB-290,12
NELLCOR,13,395,395,11
NELLCOR,14,N-290,N-290,6
NELLCOR,15,550,550,5
NELLCOR,16,LIBRA,LIBRA,5
NELLCOR,17,ADULTO,ADULTO,5
NELLCOR,18,NPB-195,NPB-195,5
NELLCOR,19,NBP-295,NBP-295,3
NELLCOR,20,840,840,3
NELLCOR,21,NPB-4000,NPB-4000,2
NELLCOR,22,OXI-MAX PINZA ADULTO,OXI-MAX PINZA ADULTO,1
NELLCOR,23,PINZA ADULTO,PINZA ADULTO,1
NELLCOR,24,MASIMO,MASIMO,1
NELLCOR,25,N-20E,N-20E,1
NELLCOR,26,OXYMAX Y,OXYMAX Y,1
NELLCOR,27,190,190,1
NELLCOR,28,N190,N190,1
NELLCOR,29,295,295,1
NELLCOR,30,PB-295,PB-295,1
NELLCOR,31,PINZA,PINZA,1
NELLCOR,32,N-180,N-180,1
NELLCOR,33,KINGSTAR 335,KINGSTAR 335,1
NELLCOR,34,NELLCOR,NELLCOR,1
NELLCOR,35,BEDSIDE SPO2,BEDSIDE SPO2,1
NEONATAL,1,PC-305,PC-305,1
NEUMOVENT,1,GRAHPNET,GRAHPNET,15
NEUMOVENT,2,GRAPH,GRAPH,10
NEUMOVENT,3,TS,TS,8
NEUMOVENT,4,,,3
NEUMOVENT,5,GRAF,GRAF,2
NEUMOVENT,6,ADVANCE,ADVANCE,1
NEUMOVENT,7,TS TECNO,TS TECNO,1
NEWPORT,1,E-360,E-360,23
NEWPORT,2,HT-50,HT-50,14
NEWPORT,3,360,360,7
NEWPORT,4,HT-70,HT-70,6
NEWPORT,5,E-150,E-150,1
NEWPORT,6,150,150,1
NIDEK,1,MARK 5,MARK 5,3
NIDEK,2,SILENCIO,SILENCIO,2
NIDEK,3,SILENZIO PLUZ,SILENZIO PLUZ,1
NIDEK,4,SILENZIO,SILENZIO,1
NIDEK,5,NUVO,NUVO,1
NOVAMETRIX,1,NICO,NICO,7
NOVAMETRIX,2,515,515,4
NOVAMETRIX,3,,,4
NOVAMETRIX,4,OXYPLETH,OXYPLETH,4
NOVAMETRIX,5,Y,Y,2
NOVAMETRIX,6,OXIPLETH,OXIPLETH,2
NOVAMETRIX,7,515B,515B,2
NOVAMETRIX,8,NEO,NEO,1
NOVAMETRIX,9,COSMO,COSMO,1
NOVAMETRIX,10,M-10,M-10,1
NOVAMETRIX,11,OXYPLEH,OXYPLEH,1
OHMEDA,1,4700,4700,1
ORION,1,,,13
ORION,2,VYASIS,VYASIS,9
ORION,3,VIASYS,VIASYS,1
OXI-3,1,,,1
OXIMAX,1,Y,Y,1
PATROL,1,,,2
PATROL,2,FLEXI FLO,FLEXI FLO,1
PATROL,3,334,334,1
PATROL,4,FLEXFLOW,FLEXFLOW,1
PHILIPS,1,SYSTEM ONE,SYSTEM ONE,11
PHILIPS,2,M3,M3,10
PHILIPS,3,RESPIRONICS,RESPIRONICS,6
PHILIPS,4,REMSTAR,REMSTAR,5
PHILIPS,5,M4,M4,3
PHILIPS,6,CODE MASTER,CODE MASTER,2
PHILIPS,7,AVAPS,AVAPS,2
PHILIPS,8,C-SERIES,C-SERIES,1
PHILIPS,9,24C,24C,1
PHILIPS,10,PRO,PRO,1
PHILIPS,11,V24,V24,1
PHILIPS,12,M3929,M3929,1
PHILIPS,13,SERIE C,SERIE C,1
PHILIPS,14,SIMPLYGO,SIMPLYGO,1
PHILLIPS,1,,,6
PHISYO CONTROL,1,LIFEPACK 9,LIFEPACK 9,1
POINT,1,HIOFFRICHTER,HIOFFRICHTER | HOFFRICHTER,2
POLYWATCH,1,KIT RESPIRADOR,KIT RESPIRADOR,1
PORTATIL,1,BMC,BMC,2
PRECISION MEDICAL,1,EASY GO VAC,EASY GO VAC,1
PULMONETIC,1,ITU950,ITU950,1
PURITA BENNETT,1,,,1
PURITAN BENNETT,1,PB-560,PB-560,42
PURITAN BENNETT,2,420,420,24
PURITAN BENNETT,3,425,425,19
PURITAN BENNETT,4,330,330,15
PURITAN BENNETT,5,420 E,420 E,11
PURITAN BENNETT,6,560,560,10
PURITAN BENNETT,7,420 G,420 G,7
PURITAN BENNETT,8,425 ST,425 ST,5
PURITAN BENNETT,9,GOODKNIGHT 420 S,GOODKNIGHT 420 S,1
PURITAN BENNETT,10,KNIGHT 335,KNIGHT 335,1
PURITAN BENNETT,11,GOOD NIGHT 425,GOOD NIGHT 425,1
PURITAN BENNETT,12,840,840,1
PURITAN BENNETT,13,ORION,ORION,1
PURITAN BENNETT,14,NPB-290,NPB-290,1
QUAMTUM,1,HEALTHDYNE,HEALTHDYNE,1
RAZEL,1,,,2
RAZEL,2,A-99,A-99,1
REMEDY,1,AIR SEP,AIR SEP,2
REMEDY,2,RENEW,RENEW,2
REMEDY,3,REWEW,REWEW,1
REMEDY,4,RESPIRE,RESPIRE,1
REMEDY RENEW,1,,,3
REMSTAR,1,SERIE M,SERIE M,6
REMSTAR,2,,,4
REMSTAR,4,RESPIRONICS,RESPIRONICS | RESPIRONIC,3
REMSTAR,3,TANGO,TANGO,2
REMSTAR,5,PHILIPS,PHILIPS,1
REMSTAR,6,171P,171P,1
REMSTAR,7,RESPIRONICS SYSTEM ONE,RESPIRONICS SYSTEM ONE,1
REMSTART,1,SERIE M,SERIE M,2
RES MED,1,,,5
RESMART,1,G2,G2,6
RESMART,2,SERIE M,SERIE M,3
RESMART,3,25T,25T,3
RESMART,4,GII,GII,3
RESMART,5,BMC,BMC,2
RESMART,6,171,171,2
RESMART,7,,,2
RESMART,8,INT,INT,1
RESMART,9,BMC G1,BMC G1,1
RESMART,10,G1,G1,1
RESMART,11,GII Y-25T,GII Y-25T,1
RESMART,12,GII T25T,GII T25T,1
RESMED,1,TANGO,TANGO,97
RESMED,2,S9,S9,26
RESMED,3,ASTRAL 150,ASTRAL 150,9
RESMED,4,,,7
RESMED,5,S7,S7,5
RESMED,6,VPAP 3,VPAP 3,3
RESMED,7,SPIRIT,SPIRIT,2
RESMED,8,MALIBU,MALIBU,2
RESMED,9,CPAP,CPAP,1
RESMED,10,S8 ST,S8 ST,1
RESMED,11,IIIST,IIIST,1
RESMED,12,ADAPT SV,ADAPT SV,1
RESMED,13,ADAPT,ADAPT,1
RESMED,14,ST,ST,1
RESMED,15,SLEEP,SLEEP,1
RESMED,16,VPAP III,VPAP III,1
RESMED,17,RESMED,RESMED,1
RESMED,18,CPAP AUTO,CPAP AUTO,1
RESMED,19,AUTOSET,AUTOSET,1
RESMED,20,VPAP 2,VPAP 2,1
RESMED,21,AIRSENSE 10,AIRSENSE 10,1
RESMED,22,VP-100,VP-100,1
RESMED,23,BMC,BMC,1
RESMED,24,SP,SP,1
RESMED,25,AUTO SET II,AUTO SET II,1
RESMED,26,AIR SENSE,AIR SENSE,1
RESMED,27,RESPIRONICS,RESPIRONICS,1
RESMED,28,95-003000,95-003000,1
RESMED,29,AIR10,AIR10,1
RESMED,30,III,III,1
RESMED,31,AIR START 10,AIR START 10,1
RESMTART,1,SYSTEM ONE,SYSTEM ONE,1
RESPIRE,1,RE-001,RE-001,10
RESPIRE,2,,,7
RESPIRE,3,REMEDY RENEW,REMEDY RENEW,2
RESPIRE,4,ELECTROMEDICINA,ELECTROMEDICINA,1
RESPIRONICS,1,SERIE M,SERIE M,74
RESPIRONICS,2,,,56
RESPIRONICS,3,IN-171,IN-171,42
RESPIRONICS,4,HARMONY,HARMONY,35
RESPIRONICS,5,EVERFLO,EVERFLO,34
RESPIRONICS,6,REMSTAR,REMSTAR,33
RESPIRONICS,7,SYSTEM ONE,SYSTEM ONE,27
RESPIRONICS,8,RESMART,RESMART,15
RESPIRONICS,9,PRO,PRO,12
RESPIRONICS,10,SYNCHRONY,SYNCHRONY,9
RESPIRONICS,11,MILLENIUM,MILLENIUM,8
RESPIRONICS,12,171,171,8
RESPIRONICS,13,REMSTAR N171,REMSTAR N171,7
RESPIRONICS,14,SERIE M LA101,SERIE M LA101,7
RESPIRONICS,15,CA-300,CA-300,5
RESPIRONICS,16,SLEEP EASY,SLEEP EASY,3
RESPIRONICS,17,LA-651,LA-651,2
RESPIRONICS,18,PLUS,PLUS,2
RESPIRONICS,19,C-FLEX,C-FLEX,2
RESPIRONICS,20,DORMA 100,DORMA 100,2
RESPIRONICS,21,LA651S,LA651S,2
RESPIRONICS,22,REMSTAR SERIE M,REMSTAR SERIE M,2
RESPIRONICS,23,AUTO SV,AUTO SV,1
RESPIRONICS,24,SERIE M PLUS,SERIE M PLUS,1
RESPIRONICS,25,PLUS SERIE M,PLUS SERIE M,1
RESPIRONICS,26,VIRTUOSO,VIRTUOSO,1
RESPIRONICS,27,BI-PAP PRO,BI-PAP PRO,1
RESPIRONICS,28,EMERSON,EMERSON,1
RESPIRONICS,29,RESMED,RESMED,1
RESPIRONICS,30,425 ST,425 ST,1
RESPIRONICS,31,M SERIES,M SERIES,1
RESPIRONICS,32,A-FLEX,A-FLEX,1
RESPIRONICS,33,C/C-FLEX,C/C-FLEX,1
RESPIRONICS,34,BPAP ST,BPAP ST,1
RESPIRONICS,35,PHILIPS,PHILIPS,1
RESPIRONICS,36,PLUG,PLUG,1
RESPIRONICS,37,VIRTUOSO LX,VIRTUOSO LX,1
RESPIRONICS,38,DORMA,DORMA,1
RESPIRONICS,39,AVAPS,AVAPS,1
RESPIRONICS,40,NICO2,NICO2,1
RESPIRONICS,41,SLEEP,SLEEP,1
RESPIRONICS,42,RESMART SERIE M,RESMART SERIE M,1
RESPIRONICS,43,LA6515,LA6515,1
RESPIRONICS,44,450 P,450 P,1
RESPIRONICS,45,EVER GO,EVER GO,1
RESPIRONICS,46,REMSTAR 150 P,REMSTAR 150 P,1
RESPIRONICS,47,251P,251P,1
RESPIRONICS,48,LA-651HS,LA-651HS,1
RESPIRONICS,49,SOLO LX,SOLO LX,1
RESPIRONICS,50,G51P,G51P,1
REUSABLE,1,Y,Y,1
RHOMICROM,1,,,1
RHOMICRON,1,,,2
RHOMICRON,2,748,748,1
ROSCH,1,M-15,M-15,1
ROSCH,2,,,1
S9,1,,,1
SAMARITAN,1,ST-1000 SET,ST-1000 SET,1
SAMRONIC,1,ST-6000,ST-6000,2
SAMTRONIC,1,ST-1000 SET,ST-1000 SET,630
SAMTRONIC,2,ST-1000,ST-1000,341
SAMTRONIC,3,ST-6000,ST-6000,301
SAMTRONIC,4,ST-550 T2,ST-550 T2,176
SAMTRONIC,5,ST-7000,ST-7000,20
SAMTRONIC,6,ST MIL SET,ST MIL SET,10
SAMTRONIC,8,ST-1000 V4 0,ST-1000 V4 0 | ST-1000 4 0,6
SAMTRONIC,7,,,5
SAMTRONIC,9,ICATU,ICATU,3
SAMTRONIC,10,ST-550,ST-550,2
SAMTRONIC,11,MGBIO,MGBIO,1
SAMTRONIC,12,ST-1000 E,ST-1000 E,1
SAMTRONIC,13,N-560,N-560,1
SAMTRONIC,14,0,0,1
SATLITE,1,TRANS,TRANS,1
SCHILLER,1,AT-1,AT-1,3
SCHILLER,2,,,1
SECHRIST,1,IV-100,IV-100,10
SECHRIST,2,,,5
SEGALINI,1,5 PATAS,5 PATAS,3
SERIE M,1,,,1
SERIE M,2,PLUS,PLUS,1
SILFAB,1,N-33A,N-33A,420
SILFAB,2,N33,N33,80
SILFAB,3,,,25
SILFAB,4,ELECTRICO,ELECTRICO,2
SILFAB,5,PICCOLO,PICCOLO,1
SILFAB,6,N26A,N26A,1
SILFAB,7,N8VP,N8VP,1
SILFAB,8,N-35A,N-35A,1
SILFAB,9,07-0195-11A,07-0195-11A,1
SILFAB,10,N-33V,N-33V,1
SIN MARCA,1,SIN MODELO,SIN MODELO,9
SLEEP,1,,,1
SULLIVAN,1,V PAP2ST,V PAP2ST,1
SULLIVAN,2,RESMED,RESMED,1
SUNRISE,1,,,3
SUNRISE,2,DEVILBIS,DEVILBIS,2
SYSTEL VITA,1,RESMART,RESMART,1
TAEMA,1,,,1
TANGO,1,,,4
TRANQUILITY,1,HEATDYNE,HEATDYNE,1
TRANSCEND,1,,,1
TRONIC,1,12 V 3A,12 V 3A,1
TRONIC,2,SW-1250,SW-1250,1
TRONIK,1,,,10
TRONIK,2,A-550,A-550,9
TRONIK,3,1230W,1230W,9
TRONIK,4,MOVIVAC A-550,MOVIVAC A-550,4
TRONIK,5,SW-1250,SW-1250,2
TRONIK,6,SW1230,SW1230,2
TRONIK,7,MOVIVAV A-550,MOVIVAV A-550,1
VACUM,1,,,1
VACUMAX,1,,,18
VACUMAX,2,EASY GO,EASY GO,6
VACUMAX,3,605,605,3
VACUMAX,4,VACUMAX,VACUMAX,1
VACUMAX,5,VACU-120,VACU-120,1
VACUMAX,6,A-800,A-800,1
VACUUM,1,EASYGO VAC,EASYGO VAC,6
VALEYLAB,1,FORCE 2,FORCE 2,1
VASYS,1,ORION,ORION,1
VIASYS,1,ORION,ORION,40
VISION AIRE,1,5,5,1
VOLUMED,1,HVP-5005,HVP-5005,1
VYASIS,1,ORION,ORION,4
VYASSIS,1,ORION,ORION,1
WECHALLYN,1,PIC,PIC,1
WEINMANN,1,,,1
WELCH ALLIN,1,PIC,PIC,1
WELCH ALLYN,1,PIC,PIC,1
WELCHALLYN,1,PIC,PIC,2
WELLCH ALLEN,1,PIC,PIC,5
WEROS,1,UROTOM 4004,UROTOM 4004,1
WEROS,2,4004,4004,1
WEROS,3,UROTOM-95-1,UROTOM-95-1,1
XXXA,1,X,X,1
XXXA,2,,,1
YAMIND,1,DM26-20C,DM26-20C,11
YAMIND,2,DM26,DM26,6
YAMIND,3,DM28,DM28,1
YUWELL,1,,,8
YUWELL,2,9F-5,9F-5,3
YUWELL,3,7F-10,7F-10,1
YUWELL,4,9F-S,9F-S,1
YUWELL,5,97-5,97-5,1
YUWELL,6,7F-5 MINI,7F-5 MINI,1
YUWELL,7,5L,5L,1
YUWELL,8,SPIRIT,SPIRIT,1
YUWELL,9,7A-23B,7A-23B,1
YUWELL,10,7E-G,7E-G,1
